,Name,Price,Recorded_On,Link
0,Data-Science-Scratch-Principles-Python,$22.00,2019-01-29,https://www.amazon.com/Data-Science-Scratch-Principles-Python/dp/149190142X
1,Data-Science-Scratch-Principles-Python-ebook,$19.49,2019-01-29,https://www.amazon.com/Data-Science-Scratch-Principles-Python-ebook/dp/B00W4DTP2A&selectObb=rent
2,Data-Science-Press-Essential-Knowledge-ebook,$8.63,2019-01-29,https://www.amazon.com/Data-Science-Press-Essential-Knowledge-ebook/dp/B07C4HKQ9N
3,Data-Science-Press-Essential-Knowledge,$13.06,2019-01-29,https://www.amazon.com/Data-Science-Press-Essential-Knowledge/dp/0262535432
4,Python-Data-Science-Handbook-Essential,$28.12,2019-01-29,https://www.amazon.com/Python-Data-Science-Handbook-Essential/dp/1491912057
5,Python-Data-Science-Handbook-Essential-ebook,$26.71,2019-01-29,https://www.amazon.com/Python-Data-Science-Handbook-Essential-ebook/dp/B01N2JT3ST
6,Data-Science-Transform-Visualize-Model,$23.62,2019-01-29,https://www.amazon.com/Data-Science-Transform-Visualize-Model/dp/1491910399
7,Data-Science-Transform-Visualize-Model-ebook,$19.49,2019-01-29,https://www.amazon.com/Data-Science-Transform-Visualize-Model-ebook/dp/B01NAJAEN5
8,Data-Science-Business-Data-Analytic-Thinking,$31.26,2019-01-29,https://www.amazon.com/Data-Science-Business-Data-Analytic-Thinking/dp/1449361323
9,Data-Science-Business-Data-Analytic-Thinking-ebook,$20.48,2019-01-29,https://www.amazon.com/Data-Science-Business-Data-Analytic-Thinking-ebook/dp/B00E6EQ3X4&selectObb=rent
10,Hands-Machine-Learning-Scikit-Learn-TensorFlow,$29.35,2019-01-29,https://www.amazon.com/Hands-Machine-Learning-Scikit-Learn-TensorFlow/dp/1491962291
11,Hands-Machine-Learning-Scikit-Learn-TensorFlow-ebook,$24.99,2019-01-29,https://www.amazon.com/Hands-Machine-Learning-Scikit-Learn-TensorFlow-ebook/dp/B06XNKV5TS
12,What-Data-Science-Mike-Loukides-ebook,$0.00,2019-01-29,https://www.amazon.com/What-Data-Science-Mike-Loukides-ebook/dp/B007R8BHAK
13,Numsense-Data-Science-Layman-Added,$28.99,2019-01-29,https://www.amazon.com/Numsense-Data-Science-Layman-Added/dp/9811110689
14,Numsense-Data-Science-Layman-Added-ebook,$3.99,2019-01-29,https://www.amazon.com/Numsense-Data-Science-Layman-Added-ebook/dp/B01N29ZEM6
15,Naked-Statistics-Stripping-Dread-Data,$11.52,2019-01-29,https://www.amazon.com/Naked-Statistics-Stripping-Dread-Data/dp/039334777X
16,Naked-Statistics-Stripping-Dread-Data-ebook,$10.94,2019-01-29,https://www.amazon.com/Naked-Statistics-Stripping-Dread-Data-ebook/dp/B007Q6XLF2
17,Data-Analytics-Made-Accessible-2018-ebook,$9.99,2019-01-29,https://www.amazon.com/Data-Analytics-Made-Accessible-2018-ebook/dp/B00K2I2JL8
18,Heard-Data-Science-Interviews-Interview,$47.99,2019-01-29,https://www.amazon.com/Heard-Data-Science-Interviews-Interview/dp/1727287320
19,Doing-Data-Science-Straight-Frontline,$26.09,2019-01-29,https://www.amazon.com/Doing-Data-Science-Straight-Frontline/dp/1449358659
20,Doing-Data-Science-Straight-Frontline-ebook,$22.99,2019-01-29,https://www.amazon.com/Doing-Data-Science-Straight-Frontline-ebook/dp/B00FRSNHDC&selectObb=rent
21,Science-Scratch-Python-Step-Step-ebook,$5.99,2019-01-29,https://www.amazon.com/Science-Scratch-Python-Step-Step-ebook/dp/B07GRDWJ5L
22,Science-Scratch-Python-Step-Step,$14.95,2019-01-29,https://www.amazon.com/Science-Scratch-Python-Step-Step/dp/1726020681
23,Data-Smart-Science-Transform-Information,$25.63,2019-01-29,https://www.amazon.com/Data-Smart-Science-Transform-Information/dp/111866146X
24,Data-Smart-Science-Transform-Information-ebook,$23.99,2019-01-29,https://www.amazon.com/Data-Smart-Science-Transform-Information-ebook/dp/B00F0WRXI0
25,Data-Science-Dummies-Computers-ebook,$15.99,2019-01-29,https://www.amazon.com/Data-Science-Dummies-Computers-ebook/dp/B06WWPG3NH
26,Data-Science-Dummies-2nd-Computers,$22.82,2019-01-29,https://www.amazon.com/Data-Science-Dummies-2nd-Computers/dp/1119327636
27,Data-Science-Executives-Leveraging-Intelligence-ebook,$9.99,2019-01-29,https://www.amazon.com/Data-Science-Executives-Leveraging-Intelligence-ebook/dp/B07JBBNJQW
28,Data-Science-Executives-Leveraging-Intelligence,$15.87,2019-01-29,https://www.amazon.com/Data-Science-Executives-Leveraging-Intelligence/dp/1544511256
29,Storytelling-Data-Visualization-Business-Professionals,$20.12,2019-01-29,https://www.amazon.com/Storytelling-Data-Visualization-Business-Professionals/dp/1119002257
30,Storytelling-Data-Visualization-Business-Professionals-ebook,$19.11,2019-01-29,https://www.amazon.com/Storytelling-Data-Visualization-Business-Professionals-ebook/dp/B016DHQSM2
31,Science-Design-Manual-Texts-Computer,$54.92,2019-01-29,https://www.amazon.com/Science-Design-Manual-Texts-Computer/dp/3319554433
32,Science-Design-Manual-Texts-Computer-ebook,$55.99,2019-01-29,https://www.amazon.com/Science-Design-Manual-Texts-Computer-ebook/dp/B073N5ZDMK
33,Introduction-Data-Science-Jeffrey-Saltz,$48.60,2019-01-29,https://www.amazon.com/Introduction-Data-Science-Jeffrey-Saltz/dp/150637753X
34,Introduction-Data-Science-Jeffrey-Saltz-ebook,$31.00,2019-01-29,https://www.amazon.com/Introduction-Data-Science-Jeffrey-Saltz-ebook/dp/B075C8F6B3
35,Practical-Statistics-Data-Scientists-Essential-ebook,$19.49,2019-01-29,https://www.amazon.com/Practical-Statistics-Data-Scientists-Essential-ebook/dp/B071NVDFD6
36,Malware-Data-Science-Detection-Attribution,$27.70,2019-01-29,https://www.amazon.com/Malware-Data-Science-Detection-Attribution/dp/1593278594
37,Malware-Data-Science-Detection-Attribution-ebook,$29.99,2019-01-29,https://www.amazon.com/Malware-Data-Science-Detection-Attribution-ebook/dp/B077X1V9SY
38,Data-Science-Warehousing-Visualization-Regression-ebook,$4.99,2019-01-29,https://www.amazon.com/Data-Science-Warehousing-Visualization-Regression-ebook/dp/B07K5YB7RF
39,Practical-Data-Science-Nina-Zumel,$39.38,2019-01-29,https://www.amazon.com/Practical-Data-Science-Nina-Zumel/dp/1617291560
40,Data-Science-Scratch-Everything-Applications-ebook,$2.99,2019-01-29,https://www.amazon.com/Data-Science-Scratch-Everything-Applications-ebook/dp/B07FM4Z3FH
41,Modern-Science-Chapman-Texts-Statistical,$44.35,2019-01-29,https://www.amazon.com/Modern-Science-Chapman-Texts-Statistical/dp/1498724485&selectObb=rent
42,Modern-Science-Chapman-Texts-Statistical,$88.69,2019-01-29,https://www.amazon.com/Modern-Science-Chapman-Texts-Statistical/dp/1498724485&selectObb=rent
43,Modern-Science-Chapman-Texts-Statistical-ebook,$79.61,2019-01-29,https://www.amazon.com/Modern-Science-Chapman-Texts-Statistical-ebook/dp/B06XPNZ4H2
44,Ethics-Data-Science-Mike-Loukides-ebook,$0.00,2019-01-29,https://www.amazon.com/Ethics-Data-Science-Mike-Loukides-ebook/dp/B07GTC8ZN7
45,Business-Intelligence-Analytics-Data-Science,$42.55,2019-01-29,https://www.amazon.com/Business-Intelligence-Analytics-Data-Science/dp/0134633288&selectObb=rent
46,Business-Intelligence-Analytics-Data-Science,$97.27,2019-01-29,https://www.amazon.com/Business-Intelligence-Analytics-Data-Science/dp/0134633288&selectObb=rent
47,Business-Intelligence-Analytics-Data-Science-ebook,$67.99,2019-01-29,https://www.amazon.com/Business-Intelligence-Analytics-Data-Science-ebook/dp/B01N5RQVHE&selectObb=rent
48,Data-Science-Handbook-Field-Cady,$56.89,2019-01-29,https://www.amazon.com/Data-Science-Handbook-Field-Cady/dp/1119092949
49,Data-Science-Handbook-Field-Cady-ebook,$34.63,2019-01-29,https://www.amazon.com/Data-Science-Handbook-Field-Cady-ebook/dp/B01N9ZUWWS
50,Value-Your-Personal-Data,$2.99,2019-01-29,https://www.amazon.com/Value-Your-Personal-Data/dp/B01MT68IKS
51,Linear-Algebra-Beginners-Doors-Careers,$6.99,2019-01-29,https://www.amazon.com/Linear-Algebra-Beginners-Doors-Careers/dp/B01KW4Q372
52,Statistics-Art-Science-Learning-Data,$24.44,2019-01-29,https://www.amazon.com/Statistics-Art-Science-Learning-Data/dp/0321997832&selectObb=rent
53,Statistics-Art-Science-Learning-Data,$193.48,2019-01-29,https://www.amazon.com/Statistics-Art-Science-Learning-Data/dp/0321997832&selectObb=rent
54,Statistics-Science-Learning-Data-Global,$59.49,2019-01-29,https://www.amazon.com/Statistics-Science-Learning-Data-Global/dp/1292164778
55,Think-Like-Scientist-step-step,$35.09,2019-01-29,https://www.amazon.com/Think-Like-Scientist-step-step/dp/1633430278
56,Programming-Skills-Data-Science-Addison-Wesley,$39.28,2019-01-29,https://www.amazon.com/Programming-Skills-Data-Science-Addison-Wesley/dp/0135133106
57,Programming-Skills-Data-Science-Addison-Wesley-ebook,$31.19,2019-01-29,https://www.amazon.com/Programming-Skills-Data-Science-Addison-Wesley-ebook/dp/B07KMDCHT2
58,Data-Science-Big-Analytics-Discovering,$46.86,2019-01-29,https://www.amazon.com/Data-Science-Big-Analytics-Discovering/dp/111887613X
59,Data-Science-Big-Analytics-Discovering-ebook,$37.64,2019-01-29,https://www.amazon.com/Data-Science-Big-Analytics-Discovering-ebook/dp/B00RXHVQF6
60,Data-Science-Visual-Illustrations-Examples-ebook,$9.99,2019-01-29,https://www.amazon.com/Data-Science-Visual-Illustrations-Examples-ebook/dp/B07KNBFGFZ
61,Data-Science-Visual-Illustrations-Examples,$19.50,2019-01-29,https://www.amazon.com/Data-Science-Visual-Illustrations-Examples/dp/1729017452
62,Big-Data-Science-Analytics-Hands,$60.00,2019-01-29,https://www.amazon.com/Big-Data-Science-Analytics-Hands/dp/0996025537
63,Big-Data-Science-Analytics-Hands,$66.95,2019-01-29,https://www.amazon.com/Big-Data-Science-Analytics-Hands/dp/B01K95TSKI
64,Data-Science-Google-Cloud-Platform,$45.25,2019-01-29,https://www.amazon.com/Data-Science-Google-Cloud-Platform/dp/1491974567
65,Data-Science-Google-Cloud-Platform-ebook,$29.99,2019-01-29,https://www.amazon.com/Data-Science-Google-Cloud-Platform-ebook/dp/B0787L7RK3
66,Python-Data-Analysis-Wrangling-IPython-ebook,$24.99,2019-01-29,https://www.amazon.com/Python-Data-Analysis-Wrangling-IPython-ebook/dp/B075X4LT6K
67,Python-Data-Analysis-Wrangling-IPython,$44.42,2019-01-29,https://www.amazon.com/Python-Data-Analysis-Wrangling-IPython/dp/1491957662
68,Agile-Data-Science-2-0-Applications,$31.33,2019-01-29,https://www.amazon.com/Agile-Data-Science-2-0-Applications/dp/1491960116
69,Agile-Data-Science-2-0-Applications-ebook,$22.99,2019-01-29,https://www.amazon.com/Agile-Data-Science-2-0-Applications-ebook/dp/B072MKL34K
70,Fundamentals-Machine-Learning-Predictive-Analytics,$70.42,2019-01-29,https://www.amazon.com/Fundamentals-Machine-Learning-Predictive-Analytics/dp/0262029448
71,Fundamentals-Machine-Learning-Predictive-Analytics-ebook,$65.51,2019-01-29,https://www.amazon.com/Fundamentals-Machine-Learning-Predictive-Analytics-ebook/dp/B013FHC8CM
72,Machine-Learning-Algorithms-algorithms-learning,$49.99,2019-01-29,https://www.amazon.com/Machine-Learning-Algorithms-algorithms-learning/dp/1789347998
73,Machine-Learning-Algorithms-algorithms-learning-ebook,$31.19,2019-01-29,https://www.amazon.com/Machine-Learning-Algorithms-algorithms-learning-ebook/dp/B07CSLQGNC
74,Data-Center-True-Cost-Internet,$1.99,2019-01-29,https://www.amazon.com/Data-Center-True-Cost-Internet/dp/B074PG4LZH
75,Data-Science-Transforming-Health-Care-ebook,$0.00,2019-01-29,https://www.amazon.com/Data-Science-Transforming-Health-Care-ebook/dp/B008Y1O0M6
76,Torture-Data-Funny-Geek-Coffee,$13.50,2019-01-29,https://www.amazon.com/Torture-Data-Funny-Geek-Coffee/dp/B06XJCNP4X
77,Building-Data-Science-Teams-Patil-ebook,$0.00,2019-01-29,https://www.amazon.com/Building-Data-Science-Teams-Patil-ebook/dp/B005O4U3ZE
78,Boszina-Analysis-Chemistry-Notebooks-Computers,$9.99,2019-01-29,https://www.amazon.com/Boszina-Analysis-Chemistry-Notebooks-Computers/dp/B07H5NCL3K
79,Data-Analysis-Scratch-Python-Visualization-ebook,$5.00,2019-01-29,https://www.amazon.com/Data-Analysis-Scratch-Python-Visualization-ebook/dp/B07GFQCKNR
80,Analysis-Scratch-Python-Step-Step,$15.95,2019-01-29,https://www.amazon.com/Analysis-Scratch-Python-Step-Step/dp/1725678098
81,Building-Data-Science-Teams-Patil-ebook,$0.00,2019-01-29,https://www.amazon.com/Building-Data-Science-Teams-Patil-ebook/dp/B005O4U3ZE
82,1107149894-9781107149892-Statistical-Inference-Hardcover,$147.75,2019-01-29,https://www.amazon.com/1107149894-9781107149892-Statistical-Inference-Hardcover/dp/B07KSBDM2Q
83,Science-Analytics-Chapman-Knowledge-Discovery,$59.56,2019-01-29,https://www.amazon.com/Science-Analytics-Chapman-Knowledge-Discovery/dp/1498742092
84,Science-Analytics-Chapman-Knowledge-Discovery-ebook,$52.75,2019-01-29,https://www.amazon.com/Science-Analytics-Chapman-Knowledge-Discovery-ebook/dp/B079LTCW8D
85,Wireless-Temperature-Monitoring-Unlimited-Historical,$149.00,2019-01-29,https://www.amazon.com/Wireless-Temperature-Monitoring-Unlimited-Historical/dp/B01HH7YD2Y
86,Python-Data-Science-Dummies-Computer,$18.38,2019-01-29,https://www.amazon.com/Python-Data-Science-Dummies-Computer/dp/1118844181
87,Python-Data-Science-Dummies-Computer-ebook,$15.99,2019-01-29,https://www.amazon.com/Python-Data-Science-Dummies-Computer-ebook/dp/B00TWK3RHW
88,Two-Types-Science-T-Shirt-Heather,$14.99,2019-01-29,https://www.amazon.com/Two-Types-Science-T-Shirt-Heather/dp/B0763W8MR1
89,Machine-Learning-Absolute-Beginners-Introduction-ebook,$4.90,2019-01-29,https://www.amazon.com/Machine-Learning-Absolute-Beginners-Introduction-ebook/dp/B07335JNW1
90,Machine-Learning-Absolute-Beginners-Introduction,$11.16,2019-01-29,https://www.amazon.com/Machine-Learning-Absolute-Beginners-Introduction/dp/1549617214
91,Data-Science-Approach-Computational-Reasoning,$70.75,2019-01-29,https://www.amazon.com/Data-Science-Approach-Computational-Reasoning/dp/1482234815
92,Data-Science-Approach-Computational-Reasoning-ebook,$68.35,2019-01-29,https://www.amazon.com/Data-Science-Approach-Computational-Reasoning-ebook/dp/B00VHPANKO&selectObb=rent
93,Excel-with-Business-Introduction-Science,$29.00,2019-01-29,https://www.amazon.com/Excel-with-Business-Introduction-Science/dp/B076MXMXV1
94,Art-Data-Science-Roger-Peng,$20.00,2019-01-29,https://www.amazon.com/Art-Data-Science-Roger-Peng/dp/1365061469
95,Data-Ninja-Scientist-Science-Coffee,$14.95,2019-01-29,https://www.amazon.com/Data-Ninja-Scientist-Science-Coffee/dp/B07KD8V2W7
96,Funny-Data-Science-Analyst-Scientist,$14.99,2019-01-29,https://www.amazon.com/Funny-Data-Science-Analyst-Scientist/dp/B07L938FV7
97,Big-Data-Now-Current-Perspectives-ebook,$0.00,2019-01-29,https://www.amazon.com/Big-Data-Now-Current-Perspectives-ebook/dp/B005KDPILI
98,Funny-Data-Science-Analyst-Scientist,$14.99,2019-01-29,https://www.amazon.com/Funny-Data-Science-Analyst-Scientist/dp/B07L938FV7
99,Karono-Standard-Footprint-Connector-Patching,$12.99,2019-01-29,https://www.amazon.com/Karono-Standard-Footprint-Connector-Patching/dp/B07FRSVZLP
100,Principles-Data-Science-techniques-making,$26.63,2019-01-29,https://www.amazon.com/Principles-Data-Science-techniques-making/dp/1785887912
101,Principles-Data-Science-techniques-making-ebook,$22.39,2019-01-29,https://www.amazon.com/Principles-Data-Science-techniques-making-ebook/dp/B01A8T8YNC
102,Best-Artificial-Intelligence-Kirby,$2.99,2019-01-29,https://www.amazon.com/Best-Artificial-Intelligence-Kirby/dp/B07L9JTM9Y
103,Elenco-Fiber-Optics-Voice-Data,$23.99,2019-01-29,https://www.amazon.com/Elenco-Fiber-Optics-Voice-Data/dp/B000FMJYAK
104,SARA-NELL-Computer-Jumpsuit-Bodysuit,$12.99,2019-01-29,https://www.amazon.com/SARA-NELL-Computer-Jumpsuit-Bodysuit/dp/B07J5MFKGS
105,Davis-Instruments-6510USB-WeatherLink-Software,$131.85,2019-01-29,https://www.amazon.com/Davis-Instruments-6510USB-WeatherLink-Software/dp/B001AMKC14
106,Extech-EX542-Industrial-MultiMeter-Datalogger,$287.09,2019-01-29,https://www.amazon.com/Extech-EX542-Industrial-MultiMeter-Datalogger/dp/B004WN6HIU
107,Reduction-Error-Analysis-Physical-Sciences,$54.32,2019-01-29,https://www.amazon.com/Reduction-Error-Analysis-Physical-Sciences/dp/0072472278&selectObb=rent
108,Reduction-Error-Analysis-Physical-Sciences,$108.63,2019-01-29,https://www.amazon.com/Reduction-Error-Analysis-Physical-Sciences/dp/0072472278&selectObb=rent
109,Turret-Group-Data-Centre-Management,$69.51,2019-01-29,https://www.amazon.com/Turret-Group-Data-Centre-Management/dp/B00BMFDY82
110,Probability-Statistics-Science-Ankit-Rathi-ebook,$2.99,2019-01-29,https://www.amazon.com/Probability-Statistics-Science-Ankit-Rathi-ebook/dp/B07N18VT5C
111,JONATHAN-KE-QUAN-Data-Autograph,$45.00,2019-01-29,https://www.amazon.com/JONATHAN-KE-QUAN-Data-Autograph/dp/B00ITX9YMU
112,Data-Science-Command-Line-Time-Tested,$30.30,2019-01-29,https://www.amazon.com/Data-Science-Command-Line-Time-Tested/dp/1491947853
113,Data-Science-Command-Line-Time-Tested-ebook,$18.35,2019-01-29,https://www.amazon.com/Data-Science-Command-Line-Time-Tested-ebook/dp/B00NX1L9V2&selectObb=rent
114,Probability-Statistics-Science-Ankit-Rathi-ebook,$2.99,2019-01-29,https://www.amazon.com/Probability-Statistics-Science-Ankit-Rathi-ebook/dp/B07N18VT5C
115,Introduction-Machine-Learning-Python-Scientists,$39.99,2019-01-29,https://www.amazon.com/Introduction-Machine-Learning-Python-Scientists/dp/1449369413
116,Introduction-Machine-Learning-Python-Scientists-ebook,$24.99,2019-01-29,https://www.amazon.com/Introduction-Machine-Learning-Python-Scientists-ebook/dp/B01M0LNE8C
117,CO2Meter-RAD-0301-Mini-Monitor-White,$69.00,2019-01-29,https://www.amazon.com/CO2Meter-RAD-0301-Mini-Monitor-White/dp/B00H7HFINS
118,Kerasal-Intensive-Repair-Exfoliating-Moisturizer,$6.99,2019-01-29,https://www.amazon.com/Kerasal-Intensive-Repair-Exfoliating-Moisturizer/dp/B000GCNC2U
119,MRM-Gluten-Free-Preservative-Free-Verified-Chocolate,$16.66,2019-01-29,https://www.amazon.com/MRM-Gluten-Free-Preservative-Free-Verified-Chocolate/dp/B0052ONXQM
120,Data-Science-Create-Questions-Deliver,$37.41,2019-01-29,https://www.amazon.com/Data-Science-Create-Questions-Deliver/dp/1484222520
121,Data-Science-Create-Questions-Deliver-ebook,$19.24,2019-01-29,https://www.amazon.com/Data-Science-Create-Questions-Deliver-ebook/dp/B01N421L60
122,Engraver-Resolution-Engraving-Bluetooth-Protective,$126.99,2019-01-29,https://www.amazon.com/Engraver-Resolution-Engraving-Bluetooth-Protective/dp/B073TRJDPS
123,Statistics-Essentials-Beginner-Data-Science-ebook,$5.99,2019-01-29,https://www.amazon.com/Statistics-Essentials-Beginner-Data-Science-ebook/dp/B07N5DJ79H
124,Practical-Data-Science-Cookbook-pre-processing,$44.99,2019-01-29,https://www.amazon.com/Practical-Data-Science-Cookbook-pre-processing/dp/1787129624
125,Practical-Data-Science-Cookbook-Second-ebook,$22.39,2019-01-29,https://www.amazon.com/Practical-Data-Science-Cookbook-Second-ebook/dp/B01N3XYZZQ
126,Data-Science-Scratch-Principles-Python,$59.99,2019-01-29,https://www.amazon.com/Data-Science-Scratch-Principles-Python/dp/1492041130
127,There-are-Types-People-World,$16.99,2019-01-29,https://www.amazon.com/There-are-Types-People-World/dp/B073FM62Z4
128,Algorithms-Data-Science-Brian-Steele,$79.79,2019-01-29,https://www.amazon.com/Algorithms-Data-Science-Brian-Steele/dp/3319457950
129,Algorithms-Data-Science-Brian-Steele-ebook,$69.42,2019-01-29,https://www.amazon.com/Algorithms-Data-Science-Brian-Steele-ebook/dp/B01N0UUHTN
130,Beginning-Science-Python-Jupyter-industry-standard-ebook,$9.59,2019-01-29,https://www.amazon.com/Beginning-Science-Python-Jupyter-industry-standard-ebook/dp/B07DNJ9KKL
131,Beginning-Data-Science-Python-Jupyter,$14.99,2019-01-29,https://www.amazon.com/Beginning-Data-Science-Python-Jupyter/dp/1789532027
132,Data-Science-Predictive-Analytics-Applications,$80.84,2019-01-29,https://www.amazon.com/Data-Science-Predictive-Analytics-Applications/dp/3319723464
133,Data-Science-Predictive-Analytics-Applications-ebook,$70.19,2019-01-29,https://www.amazon.com/Data-Science-Predictive-Analytics-Applications-ebook/dp/B07HHB7F62
134,Two-types-people-extrapolate-incomplete,$19.99,2019-01-29,https://www.amazon.com/Two-types-people-extrapolate-incomplete/dp/B07GB4WFFB
135,High-Dimensional-Probability-Introduction-Applications-Probabilistic,$50.85,2019-01-29,https://www.amazon.com/High-Dimensional-Probability-Introduction-Applications-Probabilistic/dp/1108415199
136,High-Dimensional-Probability-Introduction-Applications-Probabilistic-ebook,$33.99,2019-01-29,https://www.amazon.com/High-Dimensional-Probability-Introduction-Applications-Probabilistic-ebook/dp/B07FSQTRK2
137,There-are-Types-People-World,$16.99,2019-01-29,https://www.amazon.com/There-are-Types-People-World/dp/B073FM62Z4
138,High-Dimensional-Probability-Introduction-Applications-Probabilistic,$50.85,2019-01-29,https://www.amazon.com/High-Dimensional-Probability-Introduction-Applications-Probabilistic/dp/1108415199
139,High-Dimensional-Probability-Introduction-Applications-Probabilistic-ebook,$33.99,2019-01-29,https://www.amazon.com/High-Dimensional-Probability-Introduction-Applications-Probabilistic-ebook/dp/B07FSQTRK2
140,Everybody-Lies-Internet-About-Really-ebook,$11.99,2019-01-29,https://www.amazon.com/Everybody-Lies-Internet-About-Really-ebook/dp/B01AFXZ2F4
141,Everybody-Lies-Internet-About-Really,$9.33,2019-01-29,https://www.amazon.com/Everybody-Lies-Internet-About-Really/dp/0062390864
142,Top-Ten-Machine-Learning-Algorithms,$2.99,2019-01-29,https://www.amazon.com/Top-Ten-Machine-Learning-Algorithms/dp/B07K1GVJB3
143,Big-Data-MBA-Business-Strategies,$27.92,2019-01-29,https://www.amazon.com/Big-Data-MBA-Business-Strategies/dp/1119181119
144,Big-Data-MBA-Business-Strategies-ebook,$18.29,2019-01-29,https://www.amazon.com/Big-Data-MBA-Business-Strategies-ebook/dp/B019AK0N5C
145,Classroom-measuring-Educational-Daydream-Education,$6.99,2019-01-29,https://www.amazon.com/Classroom-measuring-Educational-Daydream-Education/dp/B00NNSPTFW
146,Getting-Started-Data-Science-Analytics,$32.15,2019-01-29,https://www.amazon.com/Getting-Started-Data-Science-Analytics/dp/0133991024
147,Getting-Started-Data-Science-Analytics-ebook,$17.27,2019-01-29,https://www.amazon.com/Getting-Started-Data-Science-Analytics-ebook/dp/B019D322UU
148,Python-Machine-Learning-Scratch-Hands-ebook,$5.00,2019-01-29,https://www.amazon.com/Python-Machine-Learning-Scratch-Hands-ebook/dp/B07GMVP3WP
149,Python-Machine-Learning-Scratch-Applications,$15.95,2019-01-29,https://www.amazon.com/Python-Machine-Learning-Scratch-Applications/dp/1725929988
150,Data-Game-Controversies-Science-Statistics,$41.36,2019-01-29,https://www.amazon.com/Data-Game-Controversies-Science-Statistics/dp/0765629801
151,Data-Game-Controversies-Science-Statistics-ebook,$15.00,2019-01-29,https://www.amazon.com/Data-Game-Controversies-Science-Statistics-ebook/dp/B00R6BG58M
152,Big-Data-Analytics-Transforming-World,$2.99,2019-01-29,https://www.amazon.com/Big-Data-Analytics-Transforming-World/dp/B0754TBVHT
153,Business-Models-Economy-Ethan-McCallum-ebook,$0.00,2019-01-29,https://www.amazon.com/Business-Models-Economy-Ethan-McCallum-ebook/dp/B00G0KH7DC
154,Introduction-Computation-Programming-Using-Python,$39.55,2019-01-29,https://www.amazon.com/Introduction-Computation-Programming-Using-Python/dp/0262529629
155,Introduction-Computation-Programming-Using-Python-ebook,$31.49,2019-01-29,https://www.amazon.com/Introduction-Computation-Programming-Using-Python-ebook/dp/B01K6F2236
156,Important-Science-Interview-Questions-Answers-ebook,$5.66,2019-01-29,https://www.amazon.com/Important-Science-Interview-Questions-Answers-ebook/dp/B07MTNFG7M
157,111887613X-9781118876138-Science-Analytics-Hardcover,$124.04,2019-01-29,https://www.amazon.com/111887613X-9781118876138-Science-Analytics-Hardcover/dp/B07MYSV6MY
158,Computer-Age-Statistical-Inference-Mathematical,$55.83,2019-01-29,https://www.amazon.com/Computer-Age-Statistical-Inference-Mathematical/dp/1107149894
159,Computer-Age-Statistical-Inference-Mathematical-ebook,$36.49,2019-01-29,https://www.amazon.com/Computer-Age-Statistical-Inference-Mathematical-ebook/dp/B01L27MR64
160,Data-Jujitsu-Turning-into-Product-ebook,$0.00,2019-01-29,https://www.amazon.com/Data-Jujitsu-Turning-into-Product-ebook/dp/B008HMN5BE
161,Introducing-Data-Science-Machine-Learning,$36.51,2019-01-29,https://www.amazon.com/Introducing-Data-Science-Machine-Learning/dp/1633430030
162,Data-Science-Fundraising-Data-Driven-Solutions-ebook,$14.99,2019-01-29,https://www.amazon.com/Data-Science-Fundraising-Data-Driven-Solutions-ebook/dp/B07B7DJR6T
163,Data-Science-Fundraising-Data-Driven-Solutions,$53.99,2019-01-29,https://www.amazon.com/Data-Science-Fundraising-Data-Driven-Solutions/dp/0692057846
164,Jupyter-Notebook-Data-Science-Teams,$49.99,2019-01-29,https://www.amazon.com/Jupyter-Notebook-Data-Science-Teams/dp/B01DEBNAMG
165,Process-Mining-Data-Science-Action,$47.86,2019-01-29,https://www.amazon.com/Process-Mining-Data-Science-Action/dp/3662498502
166,Process-Mining-Data-Science-Action-ebook,$59.99,2019-01-29,https://www.amazon.com/Process-Mining-Data-Science-Action-ebook/dp/B01EUYVU6Y
167,Big-Data-Analytics-Transforming-World,$2.99,2019-01-29,https://www.amazon.com/Big-Data-Analytics-Transforming-World/dp/B0754TBVHT
168,Funny-Science-Data-Mug-Perfect,$14.95,2019-01-29,https://www.amazon.com/Funny-Science-Data-Mug-Perfect/dp/B0775WYYWH
169,Business-Data-Science-Combining-Accelerate,$40.00,2019-01-29,https://www.amazon.com/Business-Data-Science-Combining-Accelerate/dp/1260452778
170,Business-Data-Science-Combining-Accelerate-ebook,$38.00,2019-01-29,https://www.amazon.com/Business-Data-Science-Combining-Accelerate-ebook/dp/B07HRVYTHV
171,Show-Me-Data-Science-PopSockets,$14.99,2019-01-29,https://www.amazon.com/Show-Me-Data-Science-PopSockets/dp/B07KMYFKTW
172,Designing-Data-Intensive-Applications-Reliable-Maintainable-ebook,$22.78,2019-01-29,https://www.amazon.com/Designing-Data-Intensive-Applications-Reliable-Maintainable-ebook/dp/B06XPJML5D
173,Designing-Data-Intensive-Applications-Reliable-Maintainable,$23.98,2019-01-29,https://www.amazon.com/Designing-Data-Intensive-Applications-Reliable-Maintainable/dp/1449373321
174,Data-Science-Supply-Chain-Forecast,$10.00,2019-01-29,https://www.amazon.com/Data-Science-Supply-Chain-Forecast/dp/1730969437
175,Science-Purchase-78OTG30PIN-Adapter-Samsung,$5.48,2019-01-29,https://www.amazon.com/Science-Purchase-78OTG30PIN-Adapter-Samsung/dp/B0096KJTU2
176,Goliath-Dr-Emil-G-Test-Testosterone,$25.95,2019-01-29,https://www.amazon.com/Goliath-Dr-Emil-G-Test-Testosterone/dp/B07KVNM3G7
177,Entertainment-Science-Analytics-Practical-Theory,$116.10,2019-01-29,https://www.amazon.com/Entertainment-Science-Analytics-Practical-Theory/dp/3319892908
178,Entertainment-Science-Analytics-Practical-Theory-ebook,$95.20,2019-01-29,https://www.amazon.com/Entertainment-Science-Analytics-Practical-Theory-ebook/dp/B07FMNPV2T
179,Meaning-Data-Statistics-Courses-Mathematics,$15.92,2019-01-29,https://www.amazon.com/Meaning-Data-Statistics-Courses-Mathematics/dp/B000RC2RP2
180,Easy-Peasy-Science-Fair-Project,$41.99,2019-01-29,https://www.amazon.com/Easy-Peasy-Science-Fair-Project/dp/B0134ML06S
181,Android-x86-Introduction-Optimizing-Architecture-ebook,$0.00,2019-01-29,https://www.amazon.com/Android-x86-Introduction-Optimizing-Architecture-ebook/dp/B00I0R9G14
182,Android-x86-Introduction-Optimizing-Architecture,$12.93,2019-01-29,https://www.amazon.com/Android-x86-Introduction-Optimizing-Architecture/dp/1430261307
183,Introduction-Natural-Language-Processing-Fundamentals-ebook,$5.00,2019-01-29,https://www.amazon.com/Introduction-Natural-Language-Processing-Fundamentals-ebook/dp/B07GLXYKNB
184,Introduction-Natural-Language-Processing-Fundamentals,$13.99,2019-01-29,https://www.amazon.com/Introduction-Natural-Language-Processing-Fundamentals/dp/1724811746
185,Data-Driven-DJ-Patil-ebook,$0.00,2019-01-29,https://www.amazon.com/Data-Driven-DJ-Patil-ebook/dp/B00SXHFTAS
186,Scientist-Caffeine-Stainless-Hilarious-Scientists,$19.95,2019-01-29,https://www.amazon.com/Scientist-Caffeine-Stainless-Hilarious-Scientists/dp/B07LDRN2BJ
187,TOOLOUD-Data-Simple-Romper-Bodysuit,$13.99,2019-01-29,https://www.amazon.com/TOOLOUD-Data-Simple-Romper-Bodysuit/dp/B07GT14DVK
188,Foundations-Software-Science-Computation-Structures-ebook,$0.00,2019-01-29,https://www.amazon.com/Foundations-Software-Science-Computation-Structures-ebook/dp/B07CCG81GJ
189,Foundations-Software-Computation-Structures-Computer,$40.53,2019-01-29,https://www.amazon.com/Foundations-Software-Computation-Structures-Computer/dp/3319893653
190,ISEAREX-Science-Berkeley-Baseball-Adjustable,$8.77,2019-01-29,https://www.amazon.com/ISEAREX-Science-Berkeley-Baseball-Adjustable/dp/B07HYN8WVR
191,Data-Science-Scientists-Analytics-Statistics-ebook,$2.99,2019-01-29,https://www.amazon.com/Data-Science-Scientists-Analytics-Statistics-ebook/dp/B07JYD3YFW
192,Data-Science-Scientists-Analytics-Statistics,$14.42,2019-01-29,https://www.amazon.com/Data-Science-Scientists-Analytics-Statistics/dp/172964239X
193,Math-Machine-Learning-Artificial-Intelligence,$15.00,2019-01-29,https://www.amazon.com/Math-Machine-Learning-Artificial-Intelligence/dp/172282381X
194,Neural-Data-Science-MATLAB%C2%AE-PythonTM,$50.96,2019-01-29,https://www.amazon.com/Neural-Data-Science-MATLAB%C2%AE-PythonTM/dp/0128040432
195,Neural-Data-Science-MATLAB%C2%AE-PythonTM-ebook,$47.36,2019-01-29,https://www.amazon.com/Neural-Data-Science-MATLAB%C2%AE-PythonTM-ebook/dp/B06XCW39WX
196,Bluetooth-Dual-mode-Gateway-Router-Multifunction,$259.00,2019-01-29,https://www.amazon.com/Bluetooth-Dual-mode-Gateway-Router-Multifunction/dp/B01MZ1OAV8
197,CafePress-Science-Sticker-Bumper-Decal,$8.45,2019-01-29,https://www.amazon.com/CafePress-Science-Sticker-Bumper-Decal/dp/B073V4K5HV
198,Hands-Science-Python-Machine-Learning,$39.99,2019-01-29,https://www.amazon.com/Hands-Science-Python-Machine-Learning/dp/1787280748
199,Hands-Science-Python-Machine-Learning-ebook,$19.79,2019-01-29,https://www.amazon.com/Hands-Science-Python-Machine-Learning-ebook/dp/B072QBVXGH
200,Hands-Science-Python-Machine-Learning,$39.99,2019-01-29,https://www.amazon.com/Hands-Science-Python-Machine-Learning/dp/1787280748
201,Hands-Science-Python-Machine-Learning-ebook,$19.79,2019-01-29,https://www.amazon.com/Hands-Science-Python-Machine-Learning-ebook/dp/B072QBVXGH
202,Storage-Science-Organizer-Cosmetic-Stationery,$12.50,2019-01-29,https://www.amazon.com/Storage-Science-Organizer-Cosmetic-Stationery/dp/B07MTVDFCM
203,types-people-incomplete-extrapolate-tshirt,$20.49,2019-01-29,https://www.amazon.com/types-people-incomplete-extrapolate-tshirt/dp/B07KVXR2FK
204,Data-Analysis-Life-Sciences-R,$44.96,2019-01-29,https://www.amazon.com/Data-Analysis-Life-Sciences-R/dp/1498775675
205,Data-Analysis-Life-Sciences-R,$195.00,2019-01-29,https://www.amazon.com/Data-Analysis-Life-Sciences-R/dp/1138407208
206,Science-Server-Quick-Start-Guide-ebook,$17.19,2019-01-29,https://www.amazon.com/Science-Server-Quick-Start-Guide-ebook/dp/B07H2WJFWW
207,Science-Server-Quick-Start-Guide,$34.99,2019-01-29,https://www.amazon.com/Science-Server-Quick-Start-Guide/dp/1789537126
208,Data-Warehouse-Network-Report,$661.75,2019-01-29,https://www.amazon.com/Data-Warehouse-Network-Report/dp/B009SDRO4K
209,Data-Science-Algorithms-Week-algorithms,$39.99,2019-01-29,https://www.amazon.com/Data-Science-Algorithms-Week-algorithms/dp/1789806070
210,Data-Science-Algorithms-Week-algorithms-ebook,$19.79,2019-01-29,https://www.amazon.com/Data-Science-Algorithms-Week-algorithms-ebook/dp/B07K43K9HX
211,Starlog-July-Action-Brent-Spiner-Data,$10.00,2019-01-29,https://www.amazon.com/Starlog-July-Action-Brent-Spiner-Data/dp/B07FGGBR49
212,Programming-Data-Science-Roger-Peng,$25.00,2019-01-29,https://www.amazon.com/Programming-Data-Science-Roger-Peng/dp/1365056821
213,USS-Enterprise-Constitution-Starship-Poster,$40.00,2019-01-29,https://www.amazon.com/USS-Enterprise-Constitution-Starship-Poster/dp/B07HB8DKZF
214,AcuRite-00611A3-Wireless-Thermometer-Humidity,$22.49,2019-01-29,https://www.amazon.com/AcuRite-00611A3-Wireless-Thermometer-Humidity/dp/B001B35APA
215,Using-Data-Analysis-Social-Sciences,$39.95,2019-01-29,https://www.amazon.com/Using-Data-Analysis-Social-Sciences/dp/0190656220
216,Using-Data-Analysis-Social-Sciences-ebook,$26.99,2019-01-29,https://www.amazon.com/Using-Data-Analysis-Social-Sciences-ebook/dp/B07C6WXX8Q
217,Python-Manuscripts-Programming-Beginners-Intermediates-ebook,$0.00,2019-01-29,https://www.amazon.com/Python-Manuscripts-Programming-Beginners-Intermediates-ebook/dp/B07CQPHC1N
218,Python-Manuscripts-Programming-Beginners-Intermediates,$29.99,2019-01-29,https://www.amazon.com/Python-Manuscripts-Programming-Beginners-Intermediates/dp/1980953902
219,PRACTITIONERS-introductory-science-governance-Reporting-ebook,$7.99,2019-01-29,https://www.amazon.com/PRACTITIONERS-introductory-science-governance-Reporting-ebook/dp/B07L8BTBQ4
220,PRACTITIONERS-introductory-science-Governance-Reporting,$20.00,2019-01-29,https://www.amazon.com/PRACTITIONERS-introductory-science-Governance-Reporting/dp/1791540546
221,MRM-Protein-Essential-Glutamine-Development,$14.56,2019-01-29,https://www.amazon.com/MRM-Protein-Essential-Glutamine-Development/dp/B001TLM3HM
222,PRACTITIONERS-introductory-science-governance-Reporting-ebook,$7.99,2019-01-29,https://www.amazon.com/PRACTITIONERS-introductory-science-governance-Reporting-ebook/dp/B07L8BTBQ4
223,PRACTITIONERS-introductory-science-Governance-Reporting,$20.00,2019-01-29,https://www.amazon.com/PRACTITIONERS-introductory-science-Governance-Reporting/dp/1791540546
224,Applying-Data-Science-Business-Studies,$9.98,2019-01-29,https://www.amazon.com/Applying-Data-Science-Business-Studies/dp/160764889X&selectObb=rent
225,Applying-Data-Science-Business-Studies,$47.26,2019-01-29,https://www.amazon.com/Applying-Data-Science-Business-Studies/dp/160764889X&selectObb=rent
226,Applying-Data-Science-Business-Studies-ebook,$45.35,2019-01-29,https://www.amazon.com/Applying-Data-Science-Business-Studies-ebook/dp/B06Y5QY872
227,USS-Enterprise-Constitution-Starship-Poster,$40.00,2019-01-29,https://www.amazon.com/USS-Enterprise-Constitution-Starship-Poster/dp/B07HB8DKZF
228,Python-Data-Science-Essentials-understanding,$44.99,2019-01-29,https://www.amazon.com/Python-Data-Science-Essentials-understanding/dp/1786462133
229,Python-Data-Science-Essentials-Second-ebook,$22.39,2019-01-29,https://www.amazon.com/Python-Data-Science-Essentials-Second-ebook/dp/B01MAYMIZ3
230,9811110689-9789811110689-Numsense-Science-Layman,$76.74,2019-01-29,https://www.amazon.com/9811110689-9789811110689-Numsense-Science-Layman/dp/B07K4F5JZS
231,Machine-Learning-Random-Forests-Decision-ebook,$2.99,2019-01-29,https://www.amazon.com/Machine-Learning-Random-Forests-Decision-ebook/dp/B01JBL8YVK
232,Science-Fundamentals-Marketing-Business-Professionals,$49.99,2019-01-29,https://www.amazon.com/Science-Fundamentals-Marketing-Business-Professionals/dp/B073QXMX7Y
233,Like-Data-Maybe-People-Science,$14.99,2019-01-29,https://www.amazon.com/Like-Data-Maybe-People-Science/dp/B07GW38JFH
234,Data-Science-Java-Practical-Scientists,$27.33,2019-01-29,https://www.amazon.com/Data-Science-Java-Practical-Scientists/dp/1491934115
235,Data-Science-Java-Practical-Scientists-ebook,$25.96,2019-01-29,https://www.amazon.com/Data-Science-Java-Practical-Scientists-ebook/dp/B072MKRQBQ
236,Code-Language-Computer-Developer-Practices-ebook,$14.40,2019-01-29,https://www.amazon.com/Code-Language-Computer-Developer-Practices-ebook/dp/B00JDMPOK2
237,Code-Language-Computer-Hardware-Software,$21.95,2019-01-29,https://www.amazon.com/Code-Language-Computer-Hardware-Software/dp/0735611319
238,Linked-Open-Creating-Knowledge-Interlinked-ebook,$0.00,2019-01-29,https://www.amazon.com/Linked-Open-Creating-Knowledge-Interlinked-ebook/dp/B00S15F0I8&selectObb=rent
239,Linked-Open-Creating-Knowledge-Interlinked,$64.74,2019-01-29,https://www.amazon.com/Linked-Open-Creating-Knowledge-Interlinked/dp/3319098454
240,Data-Science-Applications-Bharatendra-Rai,$2.99,2019-01-29,https://www.amazon.com/Data-Science-Applications-Bharatendra-Rai/dp/B07KY3QQKL
241,Machine-Learning-Science-Algorithms-Sense,$25.09,2019-01-29,https://www.amazon.com/Machine-Learning-Science-Algorithms-Sense/dp/1107422221&selectObb=rent
242,Machine-Learning-Science-Algorithms-Sense,$48.89,2019-01-29,https://www.amazon.com/Machine-Learning-Science-Algorithms-Sense/dp/1107422221&selectObb=rent
243,Machine-Learning-Science-Algorithms-Sense-ebook,$46.45,2019-01-29,https://www.amazon.com/Machine-Learning-Science-Algorithms-Sense-ebook/dp/B00P82T41Q&selectObb=rent
244,Journey-Data-Scientist-Interviews-Scientists-ebook,$9.99,2019-01-29,https://www.amazon.com/Journey-Data-Scientist-Interviews-Scientists-ebook/dp/B07847F3P9
245,Journey-Data-Scientist-Interviews-Scientists,$12.99,2019-01-29,https://www.amazon.com/Journey-Data-Scientist-Interviews-Scientists/dp/1548984248
246,Computer-Information-Sciences-International-Communications-ebook,$0.00,2019-01-29,https://www.amazon.com/Computer-Information-Sciences-International-Communications-ebook/dp/B0787S7DW1
247,Computer-Information-Sciences-International-Communications,$69.84,2019-01-29,https://www.amazon.com/Computer-Information-Sciences-International-Communications/dp/331947216X
248,Machine-Learning-Science-Algorithms-Sense,$25.09,2019-01-29,https://www.amazon.com/Machine-Learning-Science-Algorithms-Sense/dp/1107422221&selectObb=rent
249,Machine-Learning-Science-Algorithms-Sense,$48.89,2019-01-29,https://www.amazon.com/Machine-Learning-Science-Algorithms-Sense/dp/1107422221&selectObb=rent
250,Machine-Learning-Science-Algorithms-Sense-ebook,$46.45,2019-01-29,https://www.amazon.com/Machine-Learning-Science-Algorithms-Sense-ebook/dp/B00P82T41Q&selectObb=rent
251,Focal-Point,$0.99,2019-01-29,https://www.amazon.com/Focal-Point/dp/B07BB2XZLS
252,Computer-Information-Sciences-International-Communications-ebook,$0.00,2019-01-29,https://www.amazon.com/Computer-Information-Sciences-International-Communications-ebook/dp/B0787S7DW1
253,Computer-Information-Sciences-International-Communications,$69.84,2019-01-29,https://www.amazon.com/Computer-Information-Sciences-International-Communications/dp/331947216X
254,Data-Science-12-Semanas-Portuguese-ebook,$20.00,2019-01-29,https://www.amazon.com/Data-Science-12-Semanas-Portuguese-ebook/dp/B07MWFBV44
255,Marketing-Data-Science-Techniques-Predictive,$39.99,2019-01-29,https://www.amazon.com/Marketing-Data-Science-Techniques-Predictive/dp/0133886557
256,Marketing-Data-Science-Techniques-Predictive-ebook,$43.19,2019-01-29,https://www.amazon.com/Marketing-Data-Science-Techniques-Predictive-ebook/dp/B00XANZZ4A
257,Mathematics-Big-Data-Spreadsheets-Laboratory,$80.00,2019-01-29,https://www.amazon.com/Mathematics-Big-Data-Spreadsheets-Laboratory/dp/0262038390
258,Jinou-Bluetooth-Transmission-Effective-Integrated,$34.99,2019-01-29,https://www.amazon.com/Jinou-Bluetooth-Transmission-Effective-Integrated/dp/B07GDDPJV6
259,Magic-School-Bus-Chemistry-Lab,$20.93,2019-01-29,https://www.amazon.com/Magic-School-Bus-Chemistry-Lab/dp/B004OYYAUE
260,Using-Data-Analysis-Social-Sciences,$39.95,2019-01-29,https://www.amazon.com/Using-Data-Analysis-Social-Sciences/dp/0190656220
261,Using-Data-Analysis-Social-Sciences-ebook,$26.99,2019-01-29,https://www.amazon.com/Using-Data-Analysis-Social-Sciences-ebook/dp/B07C6WXX8Q
262,Data-Science-Concepts-Vijay-Kotu-ebook,$55.96,2019-01-29,https://www.amazon.com/Data-Science-Concepts-Vijay-Kotu-ebook/dp/B07L29CY52
263,Predictive-Analytics-Data-Mining-Concepts,$65.60,2019-01-29,https://www.amazon.com/Predictive-Analytics-Data-Mining-Concepts/dp/012814761X
264,Simulation-Data-Science-Matthias-Templ,$34.99,2019-01-29,https://www.amazon.com/Simulation-Data-Science-Matthias-Templ/dp/1785881167
265,Simulation-Data-Science-Matthias-Templ-ebook,$31.19,2019-01-29,https://www.amazon.com/Simulation-Data-Science-Matthias-Templ-ebook/dp/B01J3RIG9M
266,Electric-Assembly-Science-Rechargeable-Rubyshop,$20.00,2019-01-29,https://www.amazon.com/Electric-Assembly-Science-Rechargeable-Rubyshop/dp/B07CJTRYZ3
267,Evolution-Data-Products-Mike-Loukides-ebook,$0.00,2019-01-29,https://www.amazon.com/Evolution-Data-Products-Mike-Loukides-ebook/dp/B005QEKQUY
268,Simulation-Data-Science-Matthias-Templ,$34.99,2019-01-29,https://www.amazon.com/Simulation-Data-Science-Matthias-Templ/dp/1785881167
269,Simulation-Data-Science-Matthias-Templ-ebook,$31.19,2019-01-29,https://www.amazon.com/Simulation-Data-Science-Matthias-Templ-ebook/dp/B01J3RIG9M
270,Funny-Data-Scientist-Shirt-Science,$19.99,2019-01-29,https://www.amazon.com/Funny-Data-Scientist-Shirt-Science/dp/B07GV7QC8W
271,Evolution-Data-Products-Mike-Loukides-ebook,$0.00,2019-01-29,https://www.amazon.com/Evolution-Data-Products-Mike-Loukides-ebook/dp/B005QEKQUY
272,Data-Science-Algorithms-Week-algorithms,$39.99,2019-01-29,https://www.amazon.com/Data-Science-Algorithms-Week-algorithms/dp/1787284581
273,Data-Science-Algorithms-Week-algorithms-ebook,$19.79,2019-01-29,https://www.amazon.com/Data-Science-Algorithms-Week-algorithms-ebook/dp/B073RMB25X
274,Home-Comforts-Peel-n-Stick-Technology-Aircraft,$15.99,2019-01-29,https://www.amazon.com/Home-Comforts-Peel-n-Stick-Technology-Aircraft/dp/B07DHT9Q7T
275,Library-Book-Susan-Orlean-ebook,$14.99,2019-01-29,https://www.amazon.com/Library-Book-Susan-Orlean-ebook/dp/B07CL5ZLHX
276,The-Library-Book,$23.25,2019-01-29,https://www.amazon.com/The-Library-Book/dp/1782392262
277,Python-Data-Science-Essentials-practitioners,$44.99,2019-01-29,https://www.amazon.com/Python-Data-Science-Essentials-practitioners/dp/178953786X
278,Python-Data-Science-Essentials-practitioners-ebook,$35.99,2019-01-29,https://www.amazon.com/Python-Data-Science-Essentials-practitioners-ebook/dp/B07H5KBDVL
279,MRM-Digest-All-Condition-Vegetarian-100-Count,$12.54,2019-01-29,https://www.amazon.com/MRM-Digest-All-Condition-Vegetarian-100-Count/dp/B000GG5K3U
280,Data-Science-Handbook-Insights-Scientists,$24.99,2019-01-29,https://www.amazon.com/Data-Science-Handbook-Insights-Scientists/dp/0692434879
281,The-Crowd-the-Cloud,$0.99,2019-01-29,https://www.amazon.com/The-Crowd-the-Cloud/dp/B078FMR6K6
282,TOOLOUD-Cotton-Shirt-White-Black,$19.95,2019-01-29,https://www.amazon.com/TOOLOUD-Cotton-Shirt-White-Black/dp/B00XS8IXBO
283,Puyrtdfs-Doormats-Outdoor-Through-Bathroom,$9.98,2019-01-29,https://www.amazon.com/Puyrtdfs-Doormats-Outdoor-Through-Bathroom/dp/B07N19NH2J
284,Temperature-TM-6440-Refrigerator-Thermometer-Glycol-Encased,$159.00,2019-01-29,https://www.amazon.com/Temperature-TM-6440-Refrigerator-Thermometer-Glycol-Encased/dp/B00WLCTOMK
285,Analysis-Mplus-Methodology-Social-Sciences,$40.80,2019-01-29,https://www.amazon.com/Analysis-Mplus-Methodology-Social-Sciences/dp/1462502458
286,Analysis-Mplus-Methodology-Social-Sciences-ebook,$36.96,2019-01-29,https://www.amazon.com/Analysis-Mplus-Methodology-Social-Sciences-ebook/dp/B00FP531ME
287,Scholastic-Classroom-Resources-Bulletin-SC581920,$11.99,2019-01-29,https://www.amazon.com/Scholastic-Classroom-Resources-Bulletin-SC581920/dp/0545819202
288,Analysis-Biological-Data-Michael-Whitlock,$39.93,2019-01-29,https://www.amazon.com/Analysis-Biological-Data-Michael-Whitlock/dp/1936221489&selectObb=rent
289,Analysis-Biological-Data-Michael-Whitlock,$117.50,2019-01-29,https://www.amazon.com/Analysis-Biological-Data-Michael-Whitlock/dp/1936221489&selectObb=rent
290,The-Analysis-of-Biological-Data,$49.89,2019-01-29,https://www.amazon.com/The-Analysis-of-Biological-Data/dp/1319154212
291,International-Journal-Analysis-Techniques-Strate,$694.47,2019-01-29,https://www.amazon.com/International-Journal-Analysis-Techniques-Strate/dp/B0013TPDOK
292,Data-Science-Essentials-Python-Programmers,$19.72,2019-01-29,https://www.amazon.com/Data-Science-Essentials-Python-Programmers/dp/1680501844
293,Data-Science-Essentials-Python-Programmers-ebook,$20.58,2019-01-29,https://www.amazon.com/Data-Science-Essentials-Python-Programmers-ebook/dp/B01LZXVRJW
294,Scholastic-Classroom-Resources-Bulletin-SC581920,$11.99,2019-01-29,https://www.amazon.com/Scholastic-Classroom-Resources-Bulletin-SC581920/dp/0545819202
295,Transfer-Sheet-Charting-Data-Black,$30.00,2019-01-29,https://www.amazon.com/Transfer-Sheet-Charting-Data-Black/dp/B00K33LMQ0
296,Machine-Learning-Essentials-Everybody-understand-ebook,$5.99,2019-01-29,https://www.amazon.com/Machine-Learning-Essentials-Everybody-understand-ebook/dp/B07N15P5FV
297,Access-Online-Resources-Modern-Librarian-ebook,$0.00,2019-01-29,https://www.amazon.com/Access-Online-Resources-Modern-Librarian-ebook/dp/B07BGTTMV9
298,Access-Online-Resources-Modern-Librarian,$48.17,2019-01-29,https://www.amazon.com/Access-Online-Resources-Modern-Librarian/dp/3319739891
299,Kerasal-Intensive-Repair-Exfoliating-Moisturizer,$6.99,2019-01-29,https://www.amazon.com/Kerasal-Intensive-Repair-Exfoliating-Moisturizer/dp/B000GCNC2U
300,JONATHAN-KE-QUAN-Data-Autograph,$45.00,2019-01-29,https://www.amazon.com/JONATHAN-KE-QUAN-Data-Autograph/dp/B00ITX9ZRO
301,Cultural-Heritage-Changing-World-Borowiecki-ebook,$0.00,2019-01-29,https://www.amazon.com/Cultural-Heritage-Changing-World-Borowiecki-ebook/dp/B07816NQGW
302,Cultural-Heritage-Changing-World-Borowiecki,$53.96,2019-01-29,https://www.amazon.com/Cultural-Heritage-Changing-World-Borowiecki/dp/331929542X
303,1491974567-9781491974568-Science-Platform-Paperback,$112.92,2019-01-29,https://www.amazon.com/1491974567-9781491974568-Science-Platform-Paperback/dp/B07MYS6JNC
304,Theory-Based-Data-Analysis-Social-Sciences,$81.88,2019-01-29,https://www.amazon.com/Theory-Based-Data-Analysis-Social-Sciences/dp/1412994357
305,Theory-Based-Data-Analysis-Social-Sciences-ebook,$59.20,2019-01-29,https://www.amazon.com/Theory-Based-Data-Analysis-Social-Sciences-ebook/dp/B00XYFUAGM&selectObb=rent
306,Formulas-coasters-science-arithmetic-graduation,$17.99,2019-01-29,https://www.amazon.com/Formulas-coasters-science-arithmetic-graduation/dp/B07GT78D5W
307,Data-Science-Statistics-Funny-Math,$14.99,2019-01-29,https://www.amazon.com/Data-Science-Statistics-Funny-Math/dp/B07DWH2HZL
308,Student-Laboratory-Workbook-Statistics-Learning,$25.94,2019-01-29,https://www.amazon.com/Student-Laboratory-Workbook-Statistics-Learning/dp/0133860892
309,Computer-Science-Distilled-Computational-Problems-ebook,$19.99,2019-01-29,https://www.amazon.com/Computer-Science-Distilled-Computational-Problems-ebook/dp/B0731JG96F
310,Computer-Science-Distilled-Computational-Problems,$19.99,2019-01-29,https://www.amazon.com/Computer-Science-Distilled-Computational-Problems/dp/0997316020
311,Data-Science-Statistics-Funny-Math,$14.99,2019-01-29,https://www.amazon.com/Data-Science-Statistics-Funny-Math/dp/B07DWH2HZL
312,Interactive-Statistics-Informed-Decisions-Student,$99.46,2019-01-29,https://www.amazon.com/Interactive-Statistics-Informed-Decisions-Student/dp/0321782593
313,MyStatLab%C2%AE-Instant-Access-Interactive-Statistics-ebook,$104.95,2019-01-29,https://www.amazon.com/MyStatLab%C2%AE-Instant-Access-Interactive-Statistics-ebook/dp/B013JBBHSU
314,Data-Science-Thinking-Scientific-Technological,$47.67,2019-01-29,https://www.amazon.com/Data-Science-Thinking-Scientific-Technological/dp/3319950916
315,Data-Science-Thinking-Scientific-Technological-ebook,$45.29,2019-01-29,https://www.amazon.com/Data-Science-Thinking-Scientific-Technological-ebook/dp/B07FRW8YW6
316,Science-Python-LiveLessons-Anaconda-Video,$17.99,2019-01-29,https://www.amazon.com/Science-Python-LiveLessons-Anaconda-Video/dp/B077VT83VL
317,Big-Data-Social-Science-Statistics,$44.13,2019-01-29,https://www.amazon.com/Big-Data-Social-Science-Statistics/dp/1498751407
318,Big-Data-Social-Science-Statistics-ebook,$39.46,2019-01-29,https://www.amazon.com/Big-Data-Social-Science-Statistics-ebook/dp/B01N3B62GG
319,Kettle-Chips-Flavor-Variety-flavor,$39.99,2019-01-29,https://www.amazon.com/Kettle-Chips-Flavor-Variety-flavor/dp/B01I2AB38W
320,Disruptive-Possibilities-Data-Changes-Everything-ebook,$0.00,2019-01-29,https://www.amazon.com/Disruptive-Possibilities-Data-Changes-Everything-ebook/dp/B00CLH387W
321,Disruptive-Possibilities-Data-Changes-Everything,$12.99,2019-01-29,https://www.amazon.com/Disruptive-Possibilities-Data-Changes-Everything/dp/1449369677
322,Data-Science-Business-Warehousing-Visualization-ebook,$2.99,2019-01-29,https://www.amazon.com/Data-Science-Business-Warehousing-Visualization-ebook/dp/B07HL9C761
323,Lessons-21st-Century-Yuval-Harari-ebook,$13.99,2019-01-29,https://www.amazon.com/Lessons-21st-Century-Yuval-Harari-ebook/dp/B079WM7KLS
324,Lessons-21st-Century-Yuval-Harari,$19.27,2019-01-29,https://www.amazon.com/Lessons-21st-Century-Yuval-Harari/dp/1787330877
325,Wireless-Transmission-Bluetooth-nRF52832-Equipment,$18.99,2019-01-29,https://www.amazon.com/Wireless-Transmission-Bluetooth-nRF52832-Equipment/dp/B07H8CNSSJ
326,Modeling-Techniques-Predictive-Analytics-Python,$65.19,2019-01-29,https://www.amazon.com/Modeling-Techniques-Predictive-Analytics-Python/dp/0133892069
327,Modeling-Techniques-Predictive-Analytics-Python-ebook,$43.19,2019-01-29,https://www.amazon.com/Modeling-Techniques-Predictive-Analytics-Python-ebook/dp/B00O121XZ4
328,Machine-Learning-techniques-predictive-modeling-ebook,$31.58,2019-01-29,https://www.amazon.com/Machine-Learning-techniques-predictive-modeling-ebook/dp/B0114P1K1C
329,Machine-Learning-techniques-predictive-modeling,$34.99,2019-01-29,https://www.amazon.com/Machine-Learning-techniques-predictive-modeling/dp/1784393908
330,Bayesian-Logical-Analysis-Physical-Sciences,$62.04,2019-01-29,https://www.amazon.com/Bayesian-Logical-Analysis-Physical-Sciences/dp/0521150124
331,Bayesian-Logical-Analysis-Physical-Sciences-ebook,$46.40,2019-01-29,https://www.amazon.com/Bayesian-Logical-Analysis-Physical-Sciences-ebook/dp/B00E3UR7QS&selectObb=rent
332,Hands-Data-Science-Anaconda-high-performance,$34.99,2019-01-29,https://www.amazon.com/Hands-Data-Science-Anaconda-high-performance/dp/1788831195
333,Hands-Data-Science-Anaconda-high-performance-ebook,$17.19,2019-01-29,https://www.amazon.com/Hands-Data-Science-Anaconda-high-performance-ebook/dp/B079Q47BDK
334,Wireless-Transmission-Bluetooth-nRF52832-Equipment,$18.99,2019-01-29,https://www.amazon.com/Wireless-Transmission-Bluetooth-nRF52832-Equipment/dp/B07H8CNSSJ
335,Practical-Data-Science-Zumel-Mount,$22.81,2019-01-29,https://www.amazon.com/Practical-Data-Science-Zumel-Mount/dp/935119437X
336,Art-Science-Concussion-Translating-Prevention,$49.95,2019-01-29,https://www.amazon.com/Art-Science-Concussion-Translating-Prevention/dp/B00ITAPW7Y
337,Algorithms-Live-Computer-Science-Decisions,$9.98,2019-01-29,https://www.amazon.com/Algorithms-Live-Computer-Science-Decisions/dp/1250118360
338,Algorithms-Live-Computer-Science-Decisions-ebook,$9.99,2019-01-29,https://www.amazon.com/Algorithms-Live-Computer-Science-Decisions-ebook/dp/B015CKNWJI
339,Accelerate-Software-Performing-Technology-Organizations-ebook,$10.69,2019-01-29,https://www.amazon.com/Accelerate-Software-Performing-Technology-Organizations-ebook/dp/B07B9F83WM
340,Accelerate-Software-Performing-Technology-Organizations,$14.95,2019-01-29,https://www.amazon.com/Accelerate-Software-Performing-Technology-Organizations/dp/1942788339
341,Just-Plain-Data-Analysis-Interpreting,$25.60,2019-01-29,https://www.amazon.com/Just-Plain-Data-Analysis-Interpreting/dp/1442215089
342,Just-Plain-Data-Analysis-Interpreting-ebook,$16.50,2019-01-29,https://www.amazon.com/Just-Plain-Data-Analysis-Interpreting-ebook/dp/B008UTMU60
343,funny-scientist-science-humour-student,$15.00,2019-01-29,https://www.amazon.com/funny-scientist-science-humour-student/dp/B07DKBB2HD
344,Cyber-Physical-Systems-Foundations-Derivations-Programming-ebook,$0.00,2019-01-29,https://www.amazon.com/Cyber-Physical-Systems-Foundations-Derivations-Programming-ebook/dp/B0787W474F
345,Cyber-Physical-Systems-Foundations-Conceptual-Derivations,$59.99,2019-01-29,https://www.amazon.com/Cyber-Physical-Systems-Foundations-Conceptual-Derivations/dp/3319475894
346,70-774-Perform-Science-Machine-Learning-ebook,$25.59,2019-01-29,https://www.amazon.com/70-774-Perform-Science-Machine-Learning-ebook/dp/B07B263ZVP
347,70-774-Perform-Science-Machine-Learning,$37.99,2019-01-29,https://www.amazon.com/70-774-Perform-Science-Machine-Learning/dp/150930701X
348,Hands-Data-Science-Server-2017,$44.99,2019-01-29,https://www.amazon.com/Hands-Data-Science-Server-2017/dp/1788996348
349,Hands-Data-Science-Server-2017-ebook,$22.39,2019-01-29,https://www.amazon.com/Hands-Data-Science-Server-2017-ebook/dp/B07D6LCPXB
350,Binary-Tree-Computer-Coding-T-Shirt,$19.99,2019-01-29,https://www.amazon.com/Binary-Tree-Computer-Coding-T-Shirt/dp/B07BZYJH2V
351,Mastering-Python-Science-Samir-Madhavan-ebook,$23.10,2019-01-29,https://www.amazon.com/Mastering-Python-Science-Samir-Madhavan-ebook/dp/B010T266OW
352,Mastering-Python-Science-Samir-Madhavan,$14.62,2019-01-29,https://www.amazon.com/Mastering-Python-Science-Samir-Madhavan/dp/1784390151&selectObb=rent
353,Mastering-Python-Science-Samir-Madhavan,$15.40,2019-01-29,https://www.amazon.com/Mastering-Python-Science-Samir-Madhavan/dp/1784390151&selectObb=rent
354,Lego-Mindstorm-Ev3-Core-45544,$459.95,2019-01-29,https://www.amazon.com/Lego-Mindstorm-Ev3-Core-45544/dp/B00DEA55Z8
355,Big-Data-Context-Technological-SpringerBriefs-ebook,$0.00,2019-01-29,https://www.amazon.com/Big-Data-Context-Technological-SpringerBriefs-ebook/dp/B0787VG3G8
356,Big-Data-Context-Technological-SpringerBriefs,$24.99,2019-01-29,https://www.amazon.com/Big-Data-Context-Technological-SpringerBriefs/dp/3319624601
357,Big-Data-Context-Technological-SpringerBriefs-ebook,$0.00,2019-01-29,https://www.amazon.com/Big-Data-Context-Technological-SpringerBriefs-ebook/dp/B0787VG3G8
358,Big-Data-Context-Technological-SpringerBriefs,$24.99,2019-01-29,https://www.amazon.com/Big-Data-Context-Technological-SpringerBriefs/dp/3319624601
359,Goliath-Dr-Emil-Concrete-Cowboy,$24.95,2019-01-29,https://www.amazon.com/Goliath-Dr-Emil-Concrete-Cowboy/dp/B07KVZWQQB
360,Puzzles-Studies-Crack-Science-Interview-ebook,$2.99,2019-01-29,https://www.amazon.com/Puzzles-Studies-Crack-Science-Interview-ebook/dp/B071WF76B4
361,Big-Data-Demystified-decisions-competitive-ebook,$9.99,2019-01-29,https://www.amazon.com/Big-Data-Demystified-decisions-competitive-ebook/dp/B079TTVVCB
362,Big-Data-Demystified-decisions-competitive,$18.77,2019-01-29,https://www.amazon.com/Big-Data-Demystified-decisions-competitive/dp/129221810X
363,Bayesian-Regression-Modeling-Computer-Analysis,$89.95,2019-01-29,https://www.amazon.com/Bayesian-Regression-Modeling-Computer-Analysis/dp/1498727255
364,Bayesian-Regression-Modeling-Computer-Analysis-ebook,$70.16,2019-01-29,https://www.amazon.com/Bayesian-Regression-Modeling-Computer-Analysis-ebook/dp/B079K44S39
365,Shutter-Waves-Periodic-Professors-Standoffs,$71.95,2019-01-29,https://www.amazon.com/Shutter-Waves-Periodic-Professors-Standoffs/dp/B078XK7FL7
366,TOOLOUD-Cotton-Shirt-White-Black,$19.95,2019-01-29,https://www.amazon.com/TOOLOUD-Cotton-Shirt-White-Black/dp/B00XS7IA68
367,Data-Science-Startups-Ben-Weber-ebook,$0.99,2019-01-29,https://www.amazon.com/Data-Science-Startups-Ben-Weber-ebook/dp/B07DH9G7XL
368,Data-Science-Startups-Ben-Weber,$18.80,2019-01-29,https://www.amazon.com/Data-Science-Startups-Ben-Weber/dp/1983057975
369,Artificial-Intelligence-Machine-Learning-Business-ebook,$8.99,2019-01-29,https://www.amazon.com/Artificial-Intelligence-Machine-Learning-Business-ebook/dp/B07F63RMSW
370,Artificial-Intelligence-Machine-Learning-Business,$19.57,2019-01-29,https://www.amazon.com/Artificial-Intelligence-Machine-Learning-Business/dp/1999730348
371,Statistics-Art-Science-Learning-Data,$10.49,2019-01-29,https://www.amazon.com/Statistics-Art-Science-Learning-Data/dp/0321755944&selectObb=rent
372,Statistics-Art-Science-Learning-Data-ebook,$134.99,2019-01-29,https://www.amazon.com/Statistics-Art-Science-Learning-Data-ebook/dp/B0072W5ZSQ
373,International-Journal-Knowledge-Engineering-Soft,$694.47,2019-01-29,https://www.amazon.com/International-Journal-Knowledge-Engineering-Soft/dp/B000V5WZSE
374,REED-Instruments-Thermocouple-Thermometer-Calibration,$187.59,2019-01-29,https://www.amazon.com/REED-Instruments-Thermocouple-Thermometer-Calibration/dp/B00WR3S244
375,Python-Programming-Machine-Learning-Intermediates,$29.37,2019-01-29,https://www.amazon.com/Python-Programming-Machine-Learning-Intermediates/dp/1724534661
376,Python-Programming-Machine-Learning-Intermediates-ebook,$1.99,2019-01-29,https://www.amazon.com/Python-Programming-Machine-Learning-Intermediates-ebook/dp/B07G5NG1LG
377,1449358659-9781449358655-Doing-Science-Paperback,$68.98,2019-01-29,https://www.amazon.com/1449358659-9781449358655-Doing-Science-Paperback/dp/B07KS62L5Z
378,d,$455.89,2019-01-29,https://www.amazon.com/d/Lab-Oscilloscopes/Autel-MP408-Basic-MaxiScope-Basic-Kit/B00X83MLTO
379,Quantitative-Social-Science-Data-Introduction,$44.00,2019-01-29,https://www.amazon.com/Quantitative-Social-Science-Data-Introduction/dp/1526411504
380,Quantitative-Social-Science-Data-Introduction-ebook,$31.49,2019-01-29,https://www.amazon.com/Quantitative-Social-Science-Data-Introduction-ebook/dp/B07DFM53LC
381,1449358659-9781449358655-Doing-Science-Paperback,$68.98,2019-01-29,https://www.amazon.com/1449358659-9781449358655-Doing-Science-Paperback/dp/B07KS62L5Z
382,Statistics-Concepts-Fundamentals-Absolute-Beginner-ebook,$3.99,2019-01-29,https://www.amazon.com/Statistics-Concepts-Fundamentals-Absolute-Beginner-ebook/dp/B07HW1HR3T
383,Statistics-Concepts-Fundamentals-Absolute-Beginner,$9.95,2019-01-29,https://www.amazon.com/Statistics-Concepts-Fundamentals-Absolute-Beginner/dp/172867803X
384,Julia-1-0-Programming-Cookbook-distributed,$44.99,2019-01-29,https://www.amazon.com/Julia-1-0-Programming-Cookbook-distributed/dp/1788998367
385,Julia-1-0-Programming-Cookbook-distributed-ebook,$22.39,2019-01-29,https://www.amazon.com/Julia-1-0-Programming-Cookbook-distributed-ebook/dp/B07KX4CSHL
386,d,$455.89,2019-01-29,https://www.amazon.com/d/Lab-Oscilloscopes/Autel-MP408-Basic-MaxiScope-Basic-Kit/B00X83MLTO
387,Model-Data-Science-Scientist-Funny,$19.99,2019-01-29,https://www.amazon.com/Model-Data-Science-Scientist-Funny/dp/B07MJ69GC6
388,Observation-Science-Innovation-Scientific-Report-ebook,$0.00,2019-01-29,https://www.amazon.com/Observation-Science-Innovation-Scientific-Report-ebook/dp/B0798GF3T6
389,Observation-Science-Innovation-Scientific-Report,$59.99,2019-01-29,https://www.amazon.com/Observation-Science-Innovation-Scientific-Report/dp/3319880705
390,Davis-Instruments-6152-Wireless-Radiation,$468.47,2019-01-29,https://www.amazon.com/Davis-Instruments-6152-Wireless-Radiation/dp/B001AMRCDU
391,Graphs-Dont-Lie-Bite-Size-Stats-ebook,$0.00,2019-01-29,https://www.amazon.com/Graphs-Dont-Lie-Bite-Size-Stats-ebook/dp/B079RLCSG8
392,BRENT-SPINER-Lt-Commander-Data,$50.00,2019-01-29,https://www.amazon.com/BRENT-SPINER-Lt-Commander-Data/dp/B00M1TNKXM
393,First-Computer-1889-11x14-Unframed-Patent,$12.99,2019-01-29,https://www.amazon.com/First-Computer-1889-11x14-Unframed-Patent/dp/B06XD3MYZ1
394,Statistics-Easier-Way-informal-statistics,$42.99,2019-01-29,https://www.amazon.com/Statistics-Easier-Way-informal-statistics/dp/0996916059
395,Age-Surveillance-Capitalism-Future-Frontier-ebook,$19.99,2019-01-29,https://www.amazon.com/Age-Surveillance-Capitalism-Future-Frontier-ebook/dp/B01N2QEZE2
396,Pure-Biology-Breakthrough-Immediate-Appearance,$23.90,2019-01-29,https://www.amazon.com/Pure-Biology-Breakthrough-Immediate-Appearance/dp/B01N37TWSS
397,Elitech-Temperature-Humidity-Reusable-Recorder,$35.68,2019-01-29,https://www.amazon.com/Elitech-Temperature-Humidity-Reusable-Recorder/dp/B074DR6LJ2
398,Financial-Analytics-Building-Laboratory-Science,$64.37,2019-01-29,https://www.amazon.com/Financial-Analytics-Building-Laboratory-Science/dp/1107150752
399,Financial-Analytics-Building-Laboratory-Science-ebook,$47.49,2019-01-29,https://www.amazon.com/Financial-Analytics-Building-Laboratory-Science-ebook/dp/B01L27MU70
400,Age-Surveillance-Capitalism-Future-Frontier-ebook,$19.99,2019-01-29,https://www.amazon.com/Age-Surveillance-Capitalism-Future-Frontier-ebook/dp/B01N2QEZE2
401,JINOU-Bluetooth-Adapter-Wireles-Transfer,$49.99,2019-01-29,https://www.amazon.com/JINOU-Bluetooth-Adapter-Wireles-Transfer/dp/B07H9587KG
402,Practical-Web-Scraping-Data-Science,$23.42,2019-01-29,https://www.amazon.com/Practical-Web-Scraping-Data-Science/dp/1484235819
403,Practical-Web-Scraping-Data-Science-ebook,$22.25,2019-01-29,https://www.amazon.com/Practical-Web-Scraping-Data-Science-ebook/dp/B07CH3CH51
404,Data-Science-Mindset-Methodologies-Misconceptions,$36.82,2019-01-29,https://www.amazon.com/Data-Science-Mindset-Methodologies-Misconceptions/dp/1634622561
405,Data-Science-Mindset-Methodologies-Misconceptions-ebook,$36.82,2019-01-29,https://www.amazon.com/Data-Science-Mindset-Methodologies-Misconceptions-ebook/dp/B074R7HL2W
406,MuscleTech-Hydroxycut-SX-7-70-Count,$9.99,2019-01-29,https://www.amazon.com/MuscleTech-Hydroxycut-SX-7-70-Count/dp/B00GY5X3LS
407,Numerical-Python-Scientific-Applications-Matplotlib,$43.15,2019-01-29,https://www.amazon.com/Numerical-Python-Scientific-Applications-Matplotlib/dp/1484242459
408,Numerical-Python-Scientific-Applications-Matplotlib-ebook,$31.72,2019-01-29,https://www.amazon.com/Numerical-Python-Scientific-Applications-Matplotlib-ebook/dp/B07M5ZDV62
409,Science-Higher-Education-Step-Step,$14.99,2019-01-29,https://www.amazon.com/Science-Higher-Education-Step-Step/dp/1515206467
410,Automate-Boring-Stuff-Python-Programming-ebook,$17.99,2019-01-29,https://www.amazon.com/Automate-Boring-Stuff-Python-Programming-ebook/dp/B00WJ049VU
411,Automate-Boring-Stuff-Python-Programming,$24.92,2019-01-29,https://www.amazon.com/Automate-Boring-Stuff-Python-Programming/dp/1593275994
412,Marine-Science-Whaling-Dan-Ingram,$12.99,2019-01-29,https://www.amazon.com/Marine-Science-Whaling-Dan-Ingram/dp/B004L0ZLB8
413,New-Horizons-Data-Driven-Economy-Exploitation-ebook,$0.00,2019-01-29,https://www.amazon.com/New-Horizons-Data-Driven-Economy-Exploitation-ebook/dp/B0787TJD3P
414,New-Horizons-Data-Driven-Economy-Exploitation,$59.99,2019-01-29,https://www.amazon.com/New-Horizons-Data-Driven-Economy-Exploitation/dp/3319793535
415,Data-Scientist-Black-Mug-Science,$14.48,2019-01-29,https://www.amazon.com/Data-Scientist-Black-Mug-Science/dp/B0771TLWPV
416,collection-Science-Interview-Questions-Solved-ebook,$4.99,2019-01-29,https://www.amazon.com/collection-Science-Interview-Questions-Solved-ebook/dp/B016RM5JPU
417,collection-Science-Interview-Questions-Solved,$15.99,2019-01-29,https://www.amazon.com/collection-Science-Interview-Questions-Solved/dp/1517216710
418,What-If-Scientific-Hypothetical-Questions-ebook,$11.99,2019-01-29,https://www.amazon.com/What-If-Scientific-Hypothetical-Questions-ebook/dp/B00IYUYF4A
419,collection-Science-Interview-Questions-Solved-ebook,$4.99,2019-01-29,https://www.amazon.com/collection-Science-Interview-Questions-Solved-ebook/dp/B016RM5JPU
420,collection-Science-Interview-Questions-Solved,$15.99,2019-01-29,https://www.amazon.com/collection-Science-Interview-Questions-Solved/dp/1517216710
