,Name,Price,Link
0,Python-Data-Science-Handbook-Essential,$28.12,https://www.amazon.com/Python-Data-Science-Handbook-Essential/dp/1491912057
1,Python-Data-Science-Handbook-Essential-ebook,$26.71,https://www.amazon.com/Python-Data-Science-Handbook-Essential-ebook/dp/B01N2JT3ST
2,Data-Science-Press-Essential-Knowledge-ebook,$8.63,https://www.amazon.com/Data-Science-Press-Essential-Knowledge-ebook/dp/B07C4HKQ9N
3,Data-Science-Press-Essential-Knowledge,$13.06,https://www.amazon.com/Data-Science-Press-Essential-Knowledge/dp/0262535432
4,Data-Science-Scratch-Principles-Python,$21.50,https://www.amazon.com/Data-Science-Scratch-Principles-Python/dp/149190142X
5,Data-Science-Scratch-Principles-Python-ebook,$19.49,https://www.amazon.com/Data-Science-Scratch-Principles-Python-ebook/dp/B00W4DTP2A&selectObb=rent
6,Data-Science-Transform-Visualize-Model,$23.62,https://www.amazon.com/Data-Science-Transform-Visualize-Model/dp/1491910399
7,Data-Science-Transform-Visualize-Model-ebook,$19.49,https://www.amazon.com/Data-Science-Transform-Visualize-Model-ebook/dp/B01NAJAEN5
8,Data-Science-Business-Data-Analytic-Thinking,$31.26,https://www.amazon.com/Data-Science-Business-Data-Analytic-Thinking/dp/1449361323
9,Data-Science-Business-Data-Analytic-Thinking-ebook,$20.48,https://www.amazon.com/Data-Science-Business-Data-Analytic-Thinking-ebook/dp/B00E6EQ3X4&selectObb=rent
10,Numsense-Data-Science-Layman-Added-ebook,$3.99,https://www.amazon.com/Numsense-Data-Science-Layman-Added-ebook/dp/B01N29ZEM6
11,Numsense-Data-Science-Layman-Added,$28.99,https://www.amazon.com/Numsense-Data-Science-Layman-Added/dp/9811110689
12,Hands-Machine-Learning-Scikit-Learn-TensorFlow,$29.35,https://www.amazon.com/Hands-Machine-Learning-Scikit-Learn-TensorFlow/dp/1491962291
13,Hands-Machine-Learning-Scikit-Learn-TensorFlow-ebook,$24.99,https://www.amazon.com/Hands-Machine-Learning-Scikit-Learn-TensorFlow-ebook/dp/B06XNKV5TS
14,Science-Scratch-Python-Step-Step-ebook,$5.99,https://www.amazon.com/Science-Scratch-Python-Step-Step-ebook/dp/B07GRDWJ5L
15,Science-Scratch-Python-Step-Step,$14.95,https://www.amazon.com/Science-Scratch-Python-Step-Step/dp/1726020681
16,Heard-Data-Science-Interviews-Interview,$47.99,https://www.amazon.com/Heard-Data-Science-Interviews-Interview/dp/1727287320
17,Naked-Statistics-Stripping-Dread-Data,$11.52,https://www.amazon.com/Naked-Statistics-Stripping-Dread-Data/dp/039334777X
18,Naked-Statistics-Stripping-Dread-Data-ebook,$10.94,https://www.amazon.com/Naked-Statistics-Stripping-Dread-Data-ebook/dp/B007Q6XLF2
19,Data-Analytics-Made-Accessible-2018-ebook,$9.99,https://www.amazon.com/Data-Analytics-Made-Accessible-2018-ebook/dp/B00K2I2JL8
20,What-Data-Science-Mike-Loukides-ebook,$0.00,https://www.amazon.com/What-Data-Science-Mike-Loukides-ebook/dp/B007R8BHAK
21,Data-Smart-Science-Transform-Information,$25.63,https://www.amazon.com/Data-Smart-Science-Transform-Information/dp/111866146X
22,Data-Smart-Science-Transform-Information-ebook,$23.99,https://www.amazon.com/Data-Smart-Science-Transform-Information-ebook/dp/B00F0WRXI0
23,Data-Science-Executives-Leveraging-Intelligence-ebook,$9.99,https://www.amazon.com/Data-Science-Executives-Leveraging-Intelligence-ebook/dp/B07JBBNJQW
24,Data-Science-Executives-Leveraging-Intelligence,$15.65,https://www.amazon.com/Data-Science-Executives-Leveraging-Intelligence/dp/1544511256
25,Data-Science-Dummies-Computers-ebook,$15.99,https://www.amazon.com/Data-Science-Dummies-Computers-ebook/dp/B06WWPG3NH
26,Data-Science-Dummies-2nd-Computers,$22.82,https://www.amazon.com/Data-Science-Dummies-2nd-Computers/dp/1119327636
27,Data-Science-Scratch-Everything-Applications-ebook,$2.99,https://www.amazon.com/Data-Science-Scratch-Everything-Applications-ebook/dp/B07FM4Z3FH
28,Data-Science-Scratch-Everything-Applications,$16.99,https://www.amazon.com/Data-Science-Scratch-Everything-Applications/dp/1723141208
29,Storytelling-Data-Visualization-Business-Professionals,$20.12,https://www.amazon.com/Storytelling-Data-Visualization-Business-Professionals/dp/1119002257
30,Storytelling-Data-Visualization-Business-Professionals-ebook,$19.11,https://www.amazon.com/Storytelling-Data-Visualization-Business-Professionals-ebook/dp/B016DHQSM2
31,Doing-Data-Science-Straight-Frontline,$26.09,https://www.amazon.com/Doing-Data-Science-Straight-Frontline/dp/1449358659
32,Doing-Data-Science-Straight-Frontline-ebook,$22.99,https://www.amazon.com/Doing-Data-Science-Straight-Frontline-ebook/dp/B00FRSNHDC&selectObb=rent
33,Science-Design-Manual-Texts-Computer,$54.60,https://www.amazon.com/Science-Design-Manual-Texts-Computer/dp/3319554433
34,Science-Design-Manual-Texts-Computer-ebook,$52.45,https://www.amazon.com/Science-Design-Manual-Texts-Computer-ebook/dp/B073N5ZDMK
35,Machine-Learning-Absolute-Beginners-Introduction-ebook,$4.90,https://www.amazon.com/Machine-Learning-Absolute-Beginners-Introduction-ebook/dp/B07335JNW1
36,Machine-Learning-Absolute-Beginners-Introduction,$11.20,https://www.amazon.com/Machine-Learning-Absolute-Beginners-Introduction/dp/1549617214
37,Introduction-Data-Science-Jeffrey-Saltz,$48.60,https://www.amazon.com/Introduction-Data-Science-Jeffrey-Saltz/dp/150637753X
38,Introduction-Data-Science-Jeffrey-Saltz-ebook,$31.00,https://www.amazon.com/Introduction-Data-Science-Jeffrey-Saltz-ebook/dp/B075C8F6B3
39,Practical-Statistics-Data-Scientists-Essential-ebook,$19.27,https://www.amazon.com/Practical-Statistics-Data-Scientists-Essential-ebook/dp/B071NVDFD6
40,Data-Analysis-Scratch-Python-Visualization-ebook,$5.00,https://www.amazon.com/Data-Analysis-Scratch-Python-Visualization-ebook/dp/B07GFQCKNR
41,Analysis-Scratch-Python-Step-Step,$15.95,https://www.amazon.com/Analysis-Scratch-Python-Step-Step/dp/1725678098
42,Practical-Data-Science-Nina-Zumel,$39.38,https://www.amazon.com/Practical-Data-Science-Nina-Zumel/dp/1617291560
43,Data-Science-Warehousing-Visualization-Regression-ebook,$4.99,https://www.amazon.com/Data-Science-Warehousing-Visualization-Regression-ebook/dp/B07K5YB7RF
44,Malware-Data-Science-Detection-Attribution,$27.70,https://www.amazon.com/Malware-Data-Science-Detection-Attribution/dp/1593278594
45,Malware-Data-Science-Detection-Attribution-ebook,$29.99,https://www.amazon.com/Malware-Data-Science-Detection-Attribution-ebook/dp/B077X1V9SY
46,Ethics-Data-Science-Mike-Loukides-ebook,$0.00,https://www.amazon.com/Ethics-Data-Science-Mike-Loukides-ebook/dp/B07GTC8ZN7
47,Value-Your-Personal-Data,$2.99,https://www.amazon.com/Value-Your-Personal-Data/dp/B01MT68IKS
48,Business-Intelligence-Analytics-Data-Science,$43.81,https://www.amazon.com/Business-Intelligence-Analytics-Data-Science/dp/0134633288&selectObb=rent
49,Business-Intelligence-Analytics-Data-Science,$97.27,https://www.amazon.com/Business-Intelligence-Analytics-Data-Science/dp/0134633288&selectObb=rent
50,Business-Intelligence-Analytics-Data-Science-ebook,$67.99,https://www.amazon.com/Business-Intelligence-Analytics-Data-Science-ebook/dp/B01N5RQVHE&selectObb=rent
51,Python-Data-Analysis-Wrangling-IPython-ebook,$24.99,https://www.amazon.com/Python-Data-Analysis-Wrangling-IPython-ebook/dp/B075X4LT6K
52,Python-Data-Analysis-Wrangling-IPython,$44.42,https://www.amazon.com/Python-Data-Analysis-Wrangling-IPython/dp/1491957662
53,Modern-Science-Chapman-Texts-Statistical,$44.36,https://www.amazon.com/Modern-Science-Chapman-Texts-Statistical/dp/1498724485&selectObb=rent
54,Modern-Science-Chapman-Texts-Statistical,$88.69,https://www.amazon.com/Modern-Science-Chapman-Texts-Statistical/dp/1498724485&selectObb=rent
55,Modern-Science-Chapman-Texts-Statistical-ebook,$79.61,https://www.amazon.com/Modern-Science-Chapman-Texts-Statistical-ebook/dp/B06XPNZ4H2
56,Linear-Algebra-Beginners-Doors-Careers,$6.99,https://www.amazon.com/Linear-Algebra-Beginners-Doors-Careers/dp/B01KW4Q372
57,Statistics-Art-Science-Learning-Data,$24.99,https://www.amazon.com/Statistics-Art-Science-Learning-Data/dp/0321997832&selectObb=rent
58,Statistics-Art-Science-Learning-Data,$193.48,https://www.amazon.com/Statistics-Art-Science-Learning-Data/dp/0321997832&selectObb=rent
59,Statistics-Science-Learning-Data-Global,$59.49,https://www.amazon.com/Statistics-Science-Learning-Data-Global/dp/1292164778
60,Think-Like-Scientist-step-step,$35.09,https://www.amazon.com/Think-Like-Scientist-step-step/dp/1633430278
61,Two-Types-Science-T-Shirt-Heather,$14.99,https://www.amazon.com/Two-Types-Science-T-Shirt-Heather/dp/B0763W8MR1
62,Programming-Skills-Data-Science-Addison-Wesley,$39.28,https://www.amazon.com/Programming-Skills-Data-Science-Addison-Wesley/dp/0135133106
63,Programming-Skills-Data-Science-Addison-Wesley-ebook,$31.19,https://www.amazon.com/Programming-Skills-Data-Science-Addison-Wesley-ebook/dp/B07KMDCHT2
64,Data-Science-Big-Analytics-Discovering,$46.86,https://www.amazon.com/Data-Science-Big-Analytics-Discovering/dp/111887613X
65,Data-Science-Big-Analytics-Discovering-ebook,$37.64,https://www.amazon.com/Data-Science-Big-Analytics-Discovering-ebook/dp/B00RXHVQF6
66,Torture-Data-Funny-Geek-Coffee,$13.50,https://www.amazon.com/Torture-Data-Funny-Geek-Coffee/dp/B06XJCNP4X
67,Big-Data-Science-Analytics-Hands,$60.00,https://www.amazon.com/Big-Data-Science-Analytics-Hands/dp/0996025537
68,Big-Data-Science-Analytics-Hands,$67.98,https://www.amazon.com/Big-Data-Science-Analytics-Hands/dp/B01K95TSKI
69,Data-Center-True-Cost-Internet,$1.99,https://www.amazon.com/Data-Center-True-Cost-Internet/dp/B074PG4LZH
70,Data-Science-Google-Cloud-Platform,$45.25,https://www.amazon.com/Data-Science-Google-Cloud-Platform/dp/1491974567
71,Data-Science-Google-Cloud-Platform-ebook,$29.99,https://www.amazon.com/Data-Science-Google-Cloud-Platform-ebook/dp/B0787L7RK3
72,Agile-Data-Science-2-0-Applications,$31.33,https://www.amazon.com/Agile-Data-Science-2-0-Applications/dp/1491960116
73,Agile-Data-Science-2-0-Applications-ebook,$22.99,https://www.amazon.com/Agile-Data-Science-2-0-Applications-ebook/dp/B072MKL34K
74,Fundamentals-Machine-Learning-Predictive-Analytics,$70.96,https://www.amazon.com/Fundamentals-Machine-Learning-Predictive-Analytics/dp/0262029448
75,Fundamentals-Machine-Learning-Predictive-Analytics-ebook,$65.51,https://www.amazon.com/Fundamentals-Machine-Learning-Predictive-Analytics-ebook/dp/B013FHC8CM
76,Data-Science-Handbook-Field-Cady,$56.89,https://www.amazon.com/Data-Science-Handbook-Field-Cady/dp/1119092949
77,Data-Science-Handbook-Field-Cady-ebook,$34.63,https://www.amazon.com/Data-Science-Handbook-Field-Cady-ebook/dp/B01N9ZUWWS
78,Boszina-Analysis-Chemistry-Notebooks-Computers,$9.99,https://www.amazon.com/Boszina-Analysis-Chemistry-Notebooks-Computers/dp/B07H5NCL3K
79,1107149894-9781107149892-Statistical-Inference-Hardcover,$147.18,https://www.amazon.com/1107149894-9781107149892-Statistical-Inference-Hardcover/dp/B07KSBDM2Q
80,Data-Science-Transforming-Health-Care-ebook,$0.00,https://www.amazon.com/Data-Science-Transforming-Health-Care-ebook/dp/B008Y1O0M6
81,Probability-Statistics-Science-Ankit-Rathi-ebook,$2.99,https://www.amazon.com/Probability-Statistics-Science-Ankit-Rathi-ebook/dp/B07N18VT5C
82,Python-Data-Science-Dummies-Computer,$18.38,https://www.amazon.com/Python-Data-Science-Dummies-Computer/dp/1118844181
83,Python-Data-Science-Dummies-Computer-ebook,$15.99,https://www.amazon.com/Python-Data-Science-Dummies-Computer-ebook/dp/B00TWK3RHW
84,Art-Data-Science-Roger-Peng,$20.00,https://www.amazon.com/Art-Data-Science-Roger-Peng/dp/1365061469
85,Wireless-Temperature-Monitoring-Unlimited-Historical,$149.00,https://www.amazon.com/Wireless-Temperature-Monitoring-Unlimited-Historical/dp/B01HH7YD2Y
86,Big-Data-Now-Current-Perspectives-ebook,$0.00,https://www.amazon.com/Big-Data-Now-Current-Perspectives-ebook/dp/B005KDPILI
87,Data-Science-Visual-Illustrations-Examples-ebook,$9.99,https://www.amazon.com/Data-Science-Visual-Illustrations-Examples-ebook/dp/B07KNBFGFZ
88,Data-Science-Visual-Illustrations-Examples,$19.50,https://www.amazon.com/Data-Science-Visual-Illustrations-Examples/dp/1729017452
89,Big-Data-Analytics-Transforming-World,$2.99,https://www.amazon.com/Big-Data-Analytics-Transforming-World/dp/B0754TBVHT
90,Like-Data-Maybe-People-Science,$14.99,https://www.amazon.com/Like-Data-Maybe-People-Science/dp/B07GW38JFH
91,Excel-with-Business-Introduction-Science,$29.00,https://www.amazon.com/Excel-with-Business-Introduction-Science/dp/B076MXMXV1
92,Data-Models-Decisions-Fundamentals-Management,$110.00,https://www.amazon.com/Data-Models-Decisions-Fundamentals-Management/dp/097591460X
93,Data-Ninja-Scientist-Science-Coffee,$14.95,https://www.amazon.com/Data-Ninja-Scientist-Science-Coffee/dp/B07KD8V2W7
94,Building-Data-Science-Teams-Patil-ebook,$0.00,https://www.amazon.com/Building-Data-Science-Teams-Patil-ebook/dp/B005O4U3ZE
95,Karono-Standard-Footprint-Connector-Patching,$12.99,https://www.amazon.com/Karono-Standard-Footprint-Connector-Patching/dp/B07FRSVZLP
96,Data-Science-Command-Line-Time-Tested,$30.30,https://www.amazon.com/Data-Science-Command-Line-Time-Tested/dp/1491947853
97,Data-Science-Command-Line-Time-Tested-ebook,$18.35,https://www.amazon.com/Data-Science-Command-Line-Time-Tested-ebook/dp/B00NX1L9V2&selectObb=rent
98,Elenco-Fiber-Optics-Voice-Data,$23.99,https://www.amazon.com/Elenco-Fiber-Optics-Voice-Data/dp/B000FMJYAK
99,Davis-Instruments-6510USB-WeatherLink-Software,$132.50,https://www.amazon.com/Davis-Instruments-6510USB-WeatherLink-Software/dp/B001AMKC14
100,SARA-NELL-Computer-Jumpsuit-Bodysuit,$12.99,https://www.amazon.com/SARA-NELL-Computer-Jumpsuit-Bodysuit/dp/B07J5MFKGS
101,Reduction-Error-Analysis-Physical-Sciences,$54.32,https://www.amazon.com/Reduction-Error-Analysis-Physical-Sciences/dp/0072472278&selectObb=rent
102,Reduction-Error-Analysis-Physical-Sciences,$108.63,https://www.amazon.com/Reduction-Error-Analysis-Physical-Sciences/dp/0072472278&selectObb=rent
103,Extech-EX542-Industrial-MultiMeter-Datalogger,$287.09,https://www.amazon.com/Extech-EX542-Industrial-MultiMeter-Datalogger/dp/B004WN6HIU
104,JONATHAN-KE-QUAN-Data-Autograph,$45.00,https://www.amazon.com/JONATHAN-KE-QUAN-Data-Autograph/dp/B00ITX9YMU
105,Machine-Learning-Algorithms-algorithms-learning,$49.99,https://www.amazon.com/Machine-Learning-Algorithms-algorithms-learning/dp/1789347998
106,Machine-Learning-Algorithms-algorithms-learning-ebook,$31.19,https://www.amazon.com/Machine-Learning-Algorithms-algorithms-learning-ebook/dp/B07CSLQGNC
107,Statistics-Essentials-Beginner-Data-Science-ebook,$5.99,https://www.amazon.com/Statistics-Essentials-Beginner-Data-Science-ebook/dp/B07N5DJ79H
108,Kalmbach-Publ-Co-Discover,$19.95,https://www.amazon.com/Kalmbach-Publ-Co-Discover/dp/B00005N7PT
109,Data-Science-Create-Questions-Deliver,$37.41,https://www.amazon.com/Data-Science-Create-Questions-Deliver/dp/1484222520
110,Data-Science-Create-Questions-Deliver-ebook,$19.24,https://www.amazon.com/Data-Science-Create-Questions-Deliver-ebook/dp/B01N421L60
111,Compatible-Nintendo-Cartridges-Anti-Shock-Accessories-Storage,$12.99,https://www.amazon.com/Compatible-Nintendo-Cartridges-Anti-Shock-Accessories-Storage/dp/B07L5JGKF8
112,CO2Meter-RAD-0301-Mini-Monitor-White,$69.00,https://www.amazon.com/CO2Meter-RAD-0301-Mini-Monitor-White/dp/B00H7HFINS
113,Kerasal-Intensive-Repair-Exfoliating-Moisturizer,$6.99,https://www.amazon.com/Kerasal-Intensive-Repair-Exfoliating-Moisturizer/dp/B000GCNC2U
114,Kerasal-Intensive-Repair-Exfoliating-Moisturizer,$6.99,https://www.amazon.com/Kerasal-Intensive-Repair-Exfoliating-Moisturizer/dp/B000GCNC2U
115,MRM-Gluten-Free-Preservative-Free-Verified-Chocolate,$16.66,https://www.amazon.com/MRM-Gluten-Free-Preservative-Free-Verified-Chocolate/dp/B0052ONXQM
116,Big-Data-MBA-Business-Strategies,$27.92,https://www.amazon.com/Big-Data-MBA-Business-Strategies/dp/1119181119
117,Big-Data-MBA-Business-Strategies-ebook,$18.29,https://www.amazon.com/Big-Data-MBA-Business-Strategies-ebook/dp/B019AK0N5C
118,Engraver-Resolution-Engraving-Bluetooth-Protective,$133.99,https://www.amazon.com/Engraver-Resolution-Engraving-Bluetooth-Protective/dp/B073TRJDPS
119,Best-Artificial-Intelligence-Kirby,$2.99,https://www.amazon.com/Best-Artificial-Intelligence-Kirby/dp/B07L9JTM9Y
120,Practical-Data-Science-Cookbook-pre-processing,$44.99,https://www.amazon.com/Practical-Data-Science-Cookbook-pre-processing/dp/1787129624
121,Practical-Data-Science-Cookbook-Second-ebook,$22.39,https://www.amazon.com/Practical-Data-Science-Cookbook-Second-ebook/dp/B01N3XYZZQ
122,Important-Science-Interview-Questions-Answers-ebook,$5.66,https://www.amazon.com/Important-Science-Interview-Questions-Answers-ebook/dp/B07MTNFG7M
123,Two-types-people-extrapolate-incomplete,$19.99,https://www.amazon.com/Two-types-people-extrapolate-incomplete/dp/B07GB4WFFB
124,Algorithms-Data-Science-Brian-Steele,$79.79,https://www.amazon.com/Algorithms-Data-Science-Brian-Steele/dp/3319457950
125,Algorithms-Data-Science-Brian-Steele-ebook,$69.42,https://www.amazon.com/Algorithms-Data-Science-Brian-Steele-ebook/dp/B01N0UUHTN
126,Introduction-Machine-Learning-Python-Scientists,$39.99,https://www.amazon.com/Introduction-Machine-Learning-Python-Scientists/dp/1449369413
127,Introduction-Machine-Learning-Python-Scientists-ebook,$24.99,https://www.amazon.com/Introduction-Machine-Learning-Python-Scientists-ebook/dp/B01M0LNE8C
128,Introduction-Natural-Language-Processing-Fundamentals-ebook,$5.00,https://www.amazon.com/Introduction-Natural-Language-Processing-Fundamentals-ebook/dp/B07GLXYKNB
129,Introduction-Natural-Language-Processing-Fundamentals,$13.99,https://www.amazon.com/Introduction-Natural-Language-Processing-Fundamentals/dp/1724811746
130,Data-Science-Predictive-Analytics-Applications,$83.30,https://www.amazon.com/Data-Science-Predictive-Analytics-Applications/dp/3319723464
131,Data-Science-Predictive-Analytics-Applications-ebook,$70.19,https://www.amazon.com/Data-Science-Predictive-Analytics-Applications-ebook/dp/B07HHB7F62
132,Data-Science-Approach-Computational-Reasoning,$67.38,https://www.amazon.com/Data-Science-Approach-Computational-Reasoning/dp/1482234815
133,Data-Science-Approach-Computational-Reasoning-ebook,$68.35,https://www.amazon.com/Data-Science-Approach-Computational-Reasoning-ebook/dp/B00VHPANKO&selectObb=rent
134,There-are-Types-People-World,$16.99,https://www.amazon.com/There-are-Types-People-World/dp/B073FM62Z4
135,Process-Mining-Data-Science-Action,$47.86,https://www.amazon.com/Process-Mining-Data-Science-Action/dp/3662498502
136,Process-Mining-Data-Science-Action-ebook,$59.99,https://www.amazon.com/Process-Mining-Data-Science-Action-ebook/dp/B01EUYVU6Y
137,Beginning-Science-Python-Jupyter-industry-standard-ebook,$9.59,https://www.amazon.com/Beginning-Science-Python-Jupyter-industry-standard-ebook/dp/B07DNJ9KKL
138,Beginning-Data-Science-Python-Jupyter,$14.99,https://www.amazon.com/Beginning-Data-Science-Python-Jupyter/dp/1789532027
139,Classroom-measuring-Educational-Daydream-Education,$6.99,https://www.amazon.com/Classroom-measuring-Educational-Daydream-Education/dp/B00NNSPTFW
140,Data-Science-Approach-Computational-Reasoning,$67.38,https://www.amazon.com/Data-Science-Approach-Computational-Reasoning/dp/1482234815
141,Data-Science-Approach-Computational-Reasoning-ebook,$68.35,https://www.amazon.com/Data-Science-Approach-Computational-Reasoning-ebook/dp/B00VHPANKO&selectObb=rent
142,Process-Mining-Data-Science-Action,$47.86,https://www.amazon.com/Process-Mining-Data-Science-Action/dp/3662498502
143,Process-Mining-Data-Science-Action-ebook,$59.99,https://www.amazon.com/Process-Mining-Data-Science-Action-ebook/dp/B01EUYVU6Y
144,Everybody-Lies-Internet-About-Really-ebook,$11.99,https://www.amazon.com/Everybody-Lies-Internet-About-Really-ebook/dp/B01AFXZ2F4
145,Everybody-Lies-Internet-About-Really,$9.33,https://www.amazon.com/Everybody-Lies-Internet-About-Really/dp/0062390864
146,High-Dimensional-Probability-Introduction-Applications-Probabilistic,$50.85,https://www.amazon.com/High-Dimensional-Probability-Introduction-Applications-Probabilistic/dp/1108415199
147,High-Dimensional-Probability-Introduction-Applications-Probabilistic-ebook,$33.99,https://www.amazon.com/High-Dimensional-Probability-Introduction-Applications-Probabilistic-ebook/dp/B07FSQTRK2
148,Code-Language-Computer-Developer-Practices-ebook,$12.52,https://www.amazon.com/Code-Language-Computer-Developer-Practices-ebook/dp/B00JDMPOK2
149,Code-Language-Computer-Hardware-Software,$21.95,https://www.amazon.com/Code-Language-Computer-Hardware-Software/dp/0735611319
150,Data-Science-Scratch-Principles-Python,$59.99,https://www.amazon.com/Data-Science-Scratch-Principles-Python/dp/1492041130
151,Marketing-Data-Science-Techniques-Predictive,$39.99,https://www.amazon.com/Marketing-Data-Science-Techniques-Predictive/dp/0133886557
152,Marketing-Data-Science-Techniques-Predictive-ebook,$43.19,https://www.amazon.com/Marketing-Data-Science-Techniques-Predictive-ebook/dp/B00XANZZ4A
153,Introducing-Data-Science-Machine-Learning,$36.51,https://www.amazon.com/Introducing-Data-Science-Machine-Learning/dp/1633430030
154,Python-Machine-Learning-Scratch-Hands-ebook,$5.00,https://www.amazon.com/Python-Machine-Learning-Scratch-Hands-ebook/dp/B07GMVP3WP
155,Python-Machine-Learning-Scratch-Applications,$15.95,https://www.amazon.com/Python-Machine-Learning-Scratch-Applications/dp/1725929988
156,Business-Models-Economy-Ethan-McCallum-ebook,$0.00,https://www.amazon.com/Business-Models-Economy-Ethan-McCallum-ebook/dp/B00G0KH7DC
157,Funny-Science-Data-Mug-Perfect,$14.95,https://www.amazon.com/Funny-Science-Data-Mug-Perfect/dp/B0775WYYWH
158,Measurement-Data-Analysis-Engineering-Science,$69.03,https://www.amazon.com/Measurement-Data-Analysis-Engineering-Science/dp/1138050865&selectObb=rent
159,Measurement-Data-Analysis-Engineering-Science,$115.46,https://www.amazon.com/Measurement-Data-Analysis-Engineering-Science/dp/1138050865&selectObb=rent
160,Measurement-Data-Analysis-Engineering-Science-ebook,$43.41,https://www.amazon.com/Measurement-Data-Analysis-Engineering-Science-ebook/dp/B078D7KKDB
161,Hands-Machine-Learning-Python-Applications-ebook,$5.00,https://www.amazon.com/Hands-Machine-Learning-Python-Applications-ebook/dp/B07G4M16JF
162,Hands-Machine-Learning-Python-Anderson,$15.95,https://www.amazon.com/Hands-Machine-Learning-Python-Anderson/dp/1724731963
163,Measurement-Data-Analysis-Engineering-Science,$69.03,https://www.amazon.com/Measurement-Data-Analysis-Engineering-Science/dp/1138050865&selectObb=rent
164,Measurement-Data-Analysis-Engineering-Science,$115.46,https://www.amazon.com/Measurement-Data-Analysis-Engineering-Science/dp/1138050865&selectObb=rent
165,Measurement-Data-Analysis-Engineering-Science-ebook,$43.41,https://www.amazon.com/Measurement-Data-Analysis-Engineering-Science-ebook/dp/B078D7KKDB
166,Designing-Data-Intensive-Applications-Reliable-Maintainable-ebook,$22.99,https://www.amazon.com/Designing-Data-Intensive-Applications-Reliable-Maintainable-ebook/dp/B06XPJML5D
167,Designing-Data-Intensive-Applications-Reliable-Maintainable,$24.24,https://www.amazon.com/Designing-Data-Intensive-Applications-Reliable-Maintainable/dp/1449373321
168,Hands-Machine-Learning-Python-Applications-ebook,$5.00,https://www.amazon.com/Hands-Machine-Learning-Python-Applications-ebook/dp/B07G4M16JF
169,Hands-Machine-Learning-Python-Anderson,$15.95,https://www.amazon.com/Hands-Machine-Learning-Python-Anderson/dp/1724731963
170,111887613X-9781118876138-Science-Analytics-Hardcover,$124.04,https://www.amazon.com/111887613X-9781118876138-Science-Analytics-Hardcover/dp/B07MYSV6MY
171,Science-Purchase-78OTG30PIN-Adapter-Samsung,$5.48,https://www.amazon.com/Science-Purchase-78OTG30PIN-Adapter-Samsung/dp/B0096KJTU2
172,Computer-Age-Statistical-Inference-Mathematical,$55.83,https://www.amazon.com/Computer-Age-Statistical-Inference-Mathematical/dp/1107149894
173,Computer-Age-Statistical-Inference-Mathematical-ebook,$36.49,https://www.amazon.com/Computer-Age-Statistical-Inference-Mathematical-ebook/dp/B01L27MR64
174,Top-Ten-Machine-Learning-Algorithms,$2.99,https://www.amazon.com/Top-Ten-Machine-Learning-Algorithms/dp/B07K1GVJB3
175,Goliath-Dr-Emil-G-Test-Testosterone,$25.95,https://www.amazon.com/Goliath-Dr-Emil-G-Test-Testosterone/dp/B07KVNM3G7
176,Science-Analytics-Chapman-Knowledge-Discovery,$59.56,https://www.amazon.com/Science-Analytics-Chapman-Knowledge-Discovery/dp/1498742092
177,Science-Analytics-Chapman-Knowledge-Discovery-ebook,$52.75,https://www.amazon.com/Science-Analytics-Chapman-Knowledge-Discovery-ebook/dp/B079LTCW8D
178,Data-Science-Scientists-Analytics-Statistics-ebook,$2.99,https://www.amazon.com/Data-Science-Scientists-Analytics-Statistics-ebook/dp/B07JYD3YFW
179,Data-Science-Scientists-Analytics-Statistics,$14.42,https://www.amazon.com/Data-Science-Scientists-Analytics-Statistics/dp/172964239X
180,Meaning-Data-Statistics-Courses-Mathematics,$15.92,https://www.amazon.com/Meaning-Data-Statistics-Courses-Mathematics/dp/B000RC2RP2
181,Math-Machine-Learning-Artificial-Intelligence,$15.00,https://www.amazon.com/Math-Machine-Learning-Artificial-Intelligence/dp/172282381X
182,ISEAREX-Science-Berkeley-Baseball-Adjustable,$8.77,https://www.amazon.com/ISEAREX-Science-Berkeley-Baseball-Adjustable/dp/B07HYN8WVR
183,Data-Game-Controversies-Science-Statistics,$41.36,https://www.amazon.com/Data-Game-Controversies-Science-Statistics/dp/0765629801
184,Data-Game-Controversies-Science-Statistics-ebook,$15.00,https://www.amazon.com/Data-Game-Controversies-Science-Statistics-ebook/dp/B00R6BG58M
185,Confident-Data-Skills-Fundamentals-Supercharge-ebook,$12.88,https://www.amazon.com/Confident-Data-Skills-Fundamentals-Supercharge-ebook/dp/B078HF5TKY
186,Confident-Data-Skills-Fundamentals-Supercharge,$13.56,https://www.amazon.com/Confident-Data-Skills-Fundamentals-Supercharge/dp/0749481544
187,Getting-Started-Data-Science-Analytics,$32.15,https://www.amazon.com/Getting-Started-Data-Science-Analytics/dp/0133991024
188,Getting-Started-Data-Science-Analytics-ebook,$17.27,https://www.amazon.com/Getting-Started-Data-Science-Analytics-ebook/dp/B019D322UU
189,Scientist-Caffeine-Stainless-Hilarious-Scientists,$19.95,https://www.amazon.com/Scientist-Caffeine-Stainless-Hilarious-Scientists/dp/B07LDRN2BJ
190,TOOLOUD-Data-Simple-Romper-Bodysuit,$13.99,https://www.amazon.com/TOOLOUD-Data-Simple-Romper-Bodysuit/dp/B07GT14DVK
191,Easy-Peasy-Science-Fair-Project,$41.99,https://www.amazon.com/Easy-Peasy-Science-Fair-Project/dp/B0134ML06S
192,Business-Data-Science-Combining-Accelerate,$40.00,https://www.amazon.com/Business-Data-Science-Combining-Accelerate/dp/1260452778
193,Business-Data-Science-Combining-Accelerate-ebook,$38.00,https://www.amazon.com/Business-Data-Science-Combining-Accelerate-ebook/dp/B07HRVYTHV
194,Silver-Lake-Watersafe-Science-Project,$49.95,https://www.amazon.com/Silver-Lake-Watersafe-Science-Project/dp/B000O3JAIQ
195,Data-Driven-DJ-Patil-ebook,$0.00,https://www.amazon.com/Data-Driven-DJ-Patil-ebook/dp/B00SXHFTAS
196,Data-Jujitsu-Turning-into-Product-ebook,$0.00,https://www.amazon.com/Data-Jujitsu-Turning-into-Product-ebook/dp/B008HMN5BE
197,Science-Server-Quick-Start-Guide-ebook,$17.19,https://www.amazon.com/Science-Server-Quick-Start-Guide-ebook/dp/B07H2WJFWW
198,Science-Server-Quick-Start-Guide,$34.99,https://www.amazon.com/Science-Server-Quick-Start-Guide/dp/1789537126
199,Bluetooth-Dual-mode-Gateway-Router-Multifunction,$259.00,https://www.amazon.com/Bluetooth-Dual-mode-Gateway-Router-Multifunction/dp/B01MZ1OAV8
200,CafePress-Science-Sticker-Bumper-Decal,$8.45,https://www.amazon.com/CafePress-Science-Sticker-Bumper-Decal/dp/B073V4K5HV
201,Entertainment-Science-Analytics-Practical-Theory,$116.10,https://www.amazon.com/Entertainment-Science-Analytics-Practical-Theory/dp/3319892908
202,Entertainment-Science-Analytics-Practical-Theory-ebook,$95.20,https://www.amazon.com/Entertainment-Science-Analytics-Practical-Theory-ebook/dp/B07FMNPV2T
203,types-people-incomplete-extrapolate-tshirt,$20.49,https://www.amazon.com/types-people-incomplete-extrapolate-tshirt/dp/B07KVXR2FK
204,Storage-Science-Organizer-Cosmetic-Stationery,$12.50,https://www.amazon.com/Storage-Science-Organizer-Cosmetic-Stationery/dp/B07MTVDFCM
205,Linked-Open-Creating-Knowledge-Interlinked-ebook,$0.00,https://www.amazon.com/Linked-Open-Creating-Knowledge-Interlinked-ebook/dp/B00S15F0I8&selectObb=rent
206,Linked-Open-Creating-Knowledge-Interlinked,$63.88,https://www.amazon.com/Linked-Open-Creating-Knowledge-Interlinked/dp/3319098454
207,Storage-Science-Organizer-Cosmetic-Stationery,$12.50,https://www.amazon.com/Storage-Science-Organizer-Cosmetic-Stationery/dp/B07MTVDFCM
208,Turret-Group-Data-Centre-Management,$69.51,https://www.amazon.com/Turret-Group-Data-Centre-Management/dp/B00BMFDY82
209,Starlog-July-Action-Brent-Spiner-Data,$10.00,https://www.amazon.com/Starlog-July-Action-Brent-Spiner-Data/dp/B07FGGBR49
210,Foundations-Software-Science-Computation-Structures-ebook,$0.00,https://www.amazon.com/Foundations-Software-Science-Computation-Structures-ebook/dp/B07CCG81GJ
211,Foundations-Software-Computation-Structures-Computer,$40.53,https://www.amazon.com/Foundations-Software-Computation-Structures-Computer/dp/3319893653
212,Computer-Science-Distilled-Computational-Problems-ebook,$19.99,https://www.amazon.com/Computer-Science-Distilled-Computational-Problems-ebook/dp/B0731JG96F
213,Computer-Science-Distilled-Computational-Problems,$19.99,https://www.amazon.com/Computer-Science-Distilled-Computational-Problems/dp/0997316020
214,Neural-Data-Science-MATLAB%C2%AE-PythonTM,$50.96,https://www.amazon.com/Neural-Data-Science-MATLAB%C2%AE-PythonTM/dp/0128040432
215,Neural-Data-Science-MATLAB%C2%AE-PythonTM-ebook,$47.36,https://www.amazon.com/Neural-Data-Science-MATLAB%C2%AE-PythonTM-ebook/dp/B06XCW39WX
216,Pacon-Self-Adhesive-Presentation-Science-Subtitles,$5.47,https://www.amazon.com/Pacon-Self-Adhesive-Presentation-Science-Subtitles/dp/B0089YCNEK
217,Introduction-Computation-Programming-Using-Python,$39.55,https://www.amazon.com/Introduction-Computation-Programming-Using-Python/dp/0262529629
218,Introduction-Computation-Programming-Using-Python-ebook,$31.49,https://www.amazon.com/Introduction-Computation-Programming-Using-Python-ebook/dp/B01K6F2236
219,Data-Science-Fundraising-Data-Driven-Solutions-ebook,$14.99,https://www.amazon.com/Data-Science-Fundraising-Data-Driven-Solutions-ebook/dp/B07B7DJR6T
220,Data-Science-Fundraising-Data-Driven-Solutions,$53.99,https://www.amazon.com/Data-Science-Fundraising-Data-Driven-Solutions/dp/0692057846
221,AcuRite-00611A3-Wireless-Thermometer-Humidity,$22.49,https://www.amazon.com/AcuRite-00611A3-Wireless-Thermometer-Humidity/dp/B001B35APA
222,Data-Analysis-Life-Sciences-R,$44.96,https://www.amazon.com/Data-Analysis-Life-Sciences-R/dp/1498775675
223,Data-Analysis-Life-Sciences-R,$195.00,https://www.amazon.com/Data-Analysis-Life-Sciences-R/dp/1138407208
224,MRM-Protein-Essential-Glutamine-Development,$14.56,https://www.amazon.com/MRM-Protein-Essential-Glutamine-Development/dp/B001TLM3HM
225,Hands-Science-Python-Machine-Learning,$39.99,https://www.amazon.com/Hands-Science-Python-Machine-Learning/dp/1787280748
226,Hands-Science-Python-Machine-Learning-ebook,$19.79,https://www.amazon.com/Hands-Science-Python-Machine-Learning-ebook/dp/B072QBVXGH
227,Python-Manuscripts-Programming-Beginners-Intermediates-ebook,$0.00,https://www.amazon.com/Python-Manuscripts-Programming-Beginners-Intermediates-ebook/dp/B07CQPHC1N
228,Python-Manuscripts-Programming-Beginners-Intermediates,$29.99,https://www.amazon.com/Python-Manuscripts-Programming-Beginners-Intermediates/dp/1980953902
229,Data-Science-Handbook-Insights-Scientists,$24.99,https://www.amazon.com/Data-Science-Handbook-Insights-Scientists/dp/0692434879
230,Data-Science-12-Semanas-Portuguese-ebook,$20.00,https://www.amazon.com/Data-Science-12-Semanas-Portuguese-ebook/dp/B07MWFBV44
231,USS-Enterprise-Constitution-Starship-Poster,$40.00,https://www.amazon.com/USS-Enterprise-Constitution-Starship-Poster/dp/B07HB8DKZF
232,Programming-Data-Science-Roger-Peng,$25.00,https://www.amazon.com/Programming-Data-Science-Roger-Peng/dp/1365056821
233,Show-Me-Data-Science-PopSockets,$14.99,https://www.amazon.com/Show-Me-Data-Science-PopSockets/dp/B07KMYFKTW
234,Using-Data-Analysis-Social-Sciences,$39.95,https://www.amazon.com/Using-Data-Analysis-Social-Sciences/dp/0190656220
235,Using-Data-Analysis-Social-Sciences-ebook,$26.99,https://www.amazon.com/Using-Data-Analysis-Social-Sciences-ebook/dp/B07C6WXX8Q
236,Data-Science-Essentials-Python-Programmers,$19.72,https://www.amazon.com/Data-Science-Essentials-Python-Programmers/dp/1680501844
237,Data-Science-Essentials-Python-Programmers-ebook,$20.58,https://www.amazon.com/Data-Science-Essentials-Python-Programmers-ebook/dp/B01LZXVRJW
238,Science-Fundamentals-Marketing-Business-Professionals,$49.99,https://www.amazon.com/Science-Fundamentals-Marketing-Business-Professionals/dp/B073QXMX7Y
239,Data-Science-Julia-Paul-McNicholas-ebook,$31.16,https://www.amazon.com/Data-Science-Julia-Paul-McNicholas-ebook/dp/B07ML4SBRN
240,Data-Science-Julia-Paul-McNicholas,$59.95,https://www.amazon.com/Data-Science-Julia-Paul-McNicholas/dp/1138499986
241,PRACTITIONERS-introductory-science-governance-Reporting-ebook,$7.99,https://www.amazon.com/PRACTITIONERS-introductory-science-governance-Reporting-ebook/dp/B07L8BTBQ4
242,PRACTITIONERS-introductory-science-Governance-Reporting,$20.00,https://www.amazon.com/PRACTITIONERS-introductory-science-Governance-Reporting/dp/1791540546
243,Applying-Data-Science-Business-Studies,$9.98,https://www.amazon.com/Applying-Data-Science-Business-Studies/dp/160764889X&selectObb=rent
244,Applying-Data-Science-Business-Studies,$47.26,https://www.amazon.com/Applying-Data-Science-Business-Studies/dp/160764889X&selectObb=rent
245,Applying-Data-Science-Business-Studies-ebook,$45.35,https://www.amazon.com/Applying-Data-Science-Business-Studies-ebook/dp/B06Y5QY872
246,9811110689-9789811110689-Numsense-Science-Layman,$76.74,https://www.amazon.com/9811110689-9789811110689-Numsense-Science-Layman/dp/B07K4F5JZS
247,Simulation-Data-Science-Matthias-Templ,$34.99,https://www.amazon.com/Simulation-Data-Science-Matthias-Templ/dp/1785881167
248,Simulation-Data-Science-Matthias-Templ-ebook,$31.19,https://www.amazon.com/Simulation-Data-Science-Matthias-Templ-ebook/dp/B01J3RIG9M
249,Statistics-Art-Science-Learning-Data,$10.49,https://www.amazon.com/Statistics-Art-Science-Learning-Data/dp/0321755944&selectObb=rent
250,Statistics-Art-Science-Learning-Data-ebook,$134.99,https://www.amazon.com/Statistics-Art-Science-Learning-Data-ebook/dp/B0072W5ZSQ
251,Jinou-Bluetooth-Transmission-Effective-Integrated,$34.99,https://www.amazon.com/Jinou-Bluetooth-Transmission-Effective-Integrated/dp/B07GDDPJV6
252,Machine-Learning-Understand-Applications-Intelligence-ebook,$5.99,https://www.amazon.com/Machine-Learning-Understand-Applications-Intelligence-ebook/dp/B07J3PGDH3
253,Machine-Learning-techniques-predictive-modeling-ebook,$31.58,https://www.amazon.com/Machine-Learning-techniques-predictive-modeling-ebook/dp/B0114P1K1C
254,Machine-Learning-techniques-predictive-modeling,$34.99,https://www.amazon.com/Machine-Learning-techniques-predictive-modeling/dp/1784393908
255,Data-Science-Supply-Chain-Forecast,$25.00,https://www.amazon.com/Data-Science-Supply-Chain-Forecast/dp/1730969437
256,Data-Science-Algorithms-Week-algorithms,$39.99,https://www.amazon.com/Data-Science-Algorithms-Week-algorithms/dp/1787284581
257,Data-Science-Algorithms-Week-algorithms-ebook,$19.79,https://www.amazon.com/Data-Science-Algorithms-Week-algorithms-ebook/dp/B073RMB25X
258,Python-Data-Science-Essentials-understanding,$44.99,https://www.amazon.com/Python-Data-Science-Essentials-understanding/dp/1786462133
259,Python-Data-Science-Essentials-Second-ebook,$22.39,https://www.amazon.com/Python-Data-Science-Essentials-Second-ebook/dp/B01MAYMIZ3
260,Electric-Assembly-Science-Rechargeable-Rubyshop,$20.00,https://www.amazon.com/Electric-Assembly-Science-Rechargeable-Rubyshop/dp/B07CJTRYZ3
261,Machine-Learning-Science-Algorithms-Sense,$25.19,https://www.amazon.com/Machine-Learning-Science-Algorithms-Sense/dp/1107422221&selectObb=rent
262,Machine-Learning-Science-Algorithms-Sense,$48.89,https://www.amazon.com/Machine-Learning-Science-Algorithms-Sense/dp/1107422221&selectObb=rent
263,Machine-Learning-Science-Algorithms-Sense-ebook,$46.45,https://www.amazon.com/Machine-Learning-Science-Algorithms-Sense-ebook/dp/B00P82T41Q&selectObb=rent
264,Computer-Information-Sciences-International-Communications-ebook,$0.00,https://www.amazon.com/Computer-Information-Sciences-International-Communications-ebook/dp/B0787S7DW1
265,Computer-Information-Sciences-International-Communications,$69.00,https://www.amazon.com/Computer-Information-Sciences-International-Communications/dp/331947216X
266,Data-Science-Applications-Bharatendra-Rai,$2.99,https://www.amazon.com/Data-Science-Applications-Bharatendra-Rai/dp/B07KY3QQKL
267,Analysis-Biological-Data-Michael-Whitlock,$39.93,https://www.amazon.com/Analysis-Biological-Data-Michael-Whitlock/dp/1936221489&selectObb=rent
268,Analysis-Biological-Data-Michael-Whitlock,$117.50,https://www.amazon.com/Analysis-Biological-Data-Michael-Whitlock/dp/1936221489&selectObb=rent
269,Funny-Data-Scientist-Shirt-Science,$19.99,https://www.amazon.com/Funny-Data-Scientist-Shirt-Science/dp/B07GV7QC8W
270,Magic-School-Bus-Chemistry-Lab,$20.95,https://www.amazon.com/Magic-School-Bus-Chemistry-Lab/dp/B004OYYAUE
271,Machine-Learning-Essentials-Everybody-understand-ebook,$5.99,https://www.amazon.com/Machine-Learning-Essentials-Everybody-understand-ebook/dp/B07N15P5FV
272,Data-Driven-Science-Engineering-Learning-Dynamical,$64.99,https://www.amazon.com/Data-Driven-Science-Engineering-Learning-Dynamical/dp/1108422098
273,Data-Driven-Science-Engineering-Learning-Dynamical-ebook,$52.00,https://www.amazon.com/Data-Driven-Science-Engineering-Learning-Dynamical-ebook/dp/B07N4BK4CZ
274,MRM-Digest-All-Condition-Vegetarian-100-Count,$12.54,https://www.amazon.com/MRM-Digest-All-Condition-Vegetarian-100-Count/dp/B000GG5K3U
275,Hands-Data-Science-Server-2017,$44.99,https://www.amazon.com/Hands-Data-Science-Server-2017/dp/1788996348
276,Hands-Data-Science-Server-2017-ebook,$22.39,https://www.amazon.com/Hands-Data-Science-Server-2017-ebook/dp/B07D6LCPXB
277,TOOLOUD-Cotton-Shirt-White-Black,$19.95,https://www.amazon.com/TOOLOUD-Cotton-Shirt-White-Black/dp/B00XS8IXBO
278,Docker-Data-Science-Extensible-Infrastructure,$32.75,https://www.amazon.com/Docker-Data-Science-Extensible-Infrastructure/dp/1484230116
279,Docker-Data-Science-Extensible-Infrastructure-ebook,$19.24,https://www.amazon.com/Docker-Data-Science-Extensible-Infrastructure-ebook/dp/B0753D1Z3V
280,Home-Comforts-Peel-n-Stick-Technology-Aircraft,$15.99,https://www.amazon.com/Home-Comforts-Peel-n-Stick-Technology-Aircraft/dp/B07DHT9Q7T
281,Python-Data-Science-Essentials-practitioners,$44.99,https://www.amazon.com/Python-Data-Science-Essentials-practitioners/dp/178953786X
282,Python-Data-Science-Essentials-practitioners-ebook,$35.99,https://www.amazon.com/Python-Data-Science-Essentials-practitioners-ebook/dp/B07H5KBDVL
283,Mathematics-Big-Data-Spreadsheets-Laboratory,$80.00,https://www.amazon.com/Mathematics-Big-Data-Spreadsheets-Laboratory/dp/0262038390
284,ASP-NET-MVC-for-Designers,$0.99,https://www.amazon.com/ASP-NET-MVC-for-Designers/dp/B01MECX3EO
285,Codebreakers-Science-of-Secrecy,$0.99,https://www.amazon.com/Codebreakers-Science-of-Secrecy/dp/B011WGEWJ0
286,Library-Book-Susan-Orlean-ebook,$14.99,https://www.amazon.com/Library-Book-Susan-Orlean-ebook/dp/B07CL5ZLHX
287,The-Library-Book,$23.25,https://www.amazon.com/The-Library-Book/dp/1782392262
288,Puyrtdfs-Doormats-Outdoor-Through-Bathroom,$9.98,https://www.amazon.com/Puyrtdfs-Doormats-Outdoor-Through-Bathroom/dp/B07N19NH2J
289,Analysis-Mplus-Methodology-Social-Sciences,$40.80,https://www.amazon.com/Analysis-Mplus-Methodology-Social-Sciences/dp/1462502458
290,Analysis-Mplus-Methodology-Social-Sciences-ebook,$36.96,https://www.amazon.com/Analysis-Mplus-Methodology-Social-Sciences-ebook/dp/B00FP531ME
291,Temperature-TM-6440-Refrigerator-Thermometer-Glycol-Encased,$159.00,https://www.amazon.com/Temperature-TM-6440-Refrigerator-Thermometer-Glycol-Encased/dp/B00WLCTOMK
292,Davis-Instruments-6152-Wireless-Radiation,$468.47,https://www.amazon.com/Davis-Instruments-6152-Wireless-Radiation/dp/B001AMRCDU
293,Machine-Learning-Random-Forests-Decision-ebook,$2.99,https://www.amazon.com/Machine-Learning-Random-Forests-Decision-ebook/dp/B01JBL8YVK
294,Focal-Point,$0.99,https://www.amazon.com/Focal-Point/dp/B07BB2XZLS
295,Data-Warehouse-Network-Report,$661.75,https://www.amazon.com/Data-Warehouse-Network-Report/dp/B009SDRO4K
296,Bayesian-Logical-Analysis-Physical-Sciences,$62.04,https://www.amazon.com/Bayesian-Logical-Analysis-Physical-Sciences/dp/0521150124
297,Bayesian-Logical-Analysis-Physical-Sciences-ebook,$46.40,https://www.amazon.com/Bayesian-Logical-Analysis-Physical-Sciences-ebook/dp/B00E3UR7QS&selectObb=rent
298,Shutter-Waves-Periodic-Professors-Standoffs,$71.95,https://www.amazon.com/Shutter-Waves-Periodic-Professors-Standoffs/dp/B078XK7FL7
299,Action-Data-Analysis-Graphics,$41.12,https://www.amazon.com/Action-Data-Analysis-Graphics/dp/1617291382
300,Transfer-Sheet-Charting-Data-Black,$30.00,https://www.amazon.com/Transfer-Sheet-Charting-Data-Black/dp/B00K33LMQ0
301,JONATHAN-KE-QUAN-Data-Autograph,$45.00,https://www.amazon.com/JONATHAN-KE-QUAN-Data-Autograph/dp/B00ITX9ZRO
302,Hands-Data-Science-Anaconda-high-performance,$34.99,https://www.amazon.com/Hands-Data-Science-Anaconda-high-performance/dp/1788831195
303,Hands-Data-Science-Anaconda-high-performance-ebook,$17.19,https://www.amazon.com/Hands-Data-Science-Anaconda-high-performance-ebook/dp/B079Q47BDK
304,Kerasal-Intensive-Repair-Exfoliating-Moisturizer,$6.99,https://www.amazon.com/Kerasal-Intensive-Repair-Exfoliating-Moisturizer/dp/B000GCNC2U
305,Data-Science-Statistics-Funny-Math,$14.99,https://www.amazon.com/Data-Science-Statistics-Funny-Math/dp/B07DWH2HZL
306,Access-Online-Resources-Modern-Librarian-ebook,$0.00,https://www.amazon.com/Access-Online-Resources-Modern-Librarian-ebook/dp/B07BGTTMV9
307,Access-Online-Resources-Modern-Librarian,$48.17,https://www.amazon.com/Access-Online-Resources-Modern-Librarian/dp/3319739891
308,nouler-Type-C-Adapter-Charging-Synchronous,$33.00,https://www.amazon.com/nouler-Type-C-Adapter-Charging-Synchronous/dp/B07L7BVGWG
309,Theory-Based-Data-Analysis-Social-Sciences,$81.88,https://www.amazon.com/Theory-Based-Data-Analysis-Social-Sciences/dp/1412994357
310,Theory-Based-Data-Analysis-Social-Sciences-ebook,$59.20,https://www.amazon.com/Theory-Based-Data-Analysis-Social-Sciences-ebook/dp/B00XYFUAGM&selectObb=rent
311,The-Crowd-the-Cloud,$0.99,https://www.amazon.com/The-Crowd-the-Cloud/dp/B078FMR6K6
312,Interactive-Statistics-Informed-Decisions-Student,$99.46,https://www.amazon.com/Interactive-Statistics-Informed-Decisions-Student/dp/0321782593
313,MyStatLab%C2%AE-Instant-Access-Interactive-Statistics-ebook,$104.95,https://www.amazon.com/MyStatLab%C2%AE-Instant-Access-Interactive-Statistics-ebook/dp/B013JBBHSU
314,Lessons-21st-Century-Yuval-Harari-ebook,$13.99,https://www.amazon.com/Lessons-21st-Century-Yuval-Harari-ebook/dp/B079WM7KLS
315,21-Lessons-21st-Century-International,$37.00,https://www.amazon.com/21-Lessons-21st-Century-International/dp/198480149X
316,Access-Online-Resources-Modern-Librarian-ebook,$0.00,https://www.amazon.com/Access-Online-Resources-Modern-Librarian-ebook/dp/B07BGTTMV9
317,Access-Online-Resources-Modern-Librarian,$48.17,https://www.amazon.com/Access-Online-Resources-Modern-Librarian/dp/3319739891
318,1491974567-9781491974568-Science-Platform-Paperback,$119.78,https://www.amazon.com/1491974567-9781491974568-Science-Platform-Paperback/dp/B07MYS6JNC
319,Theory-Based-Data-Analysis-Social-Sciences,$81.88,https://www.amazon.com/Theory-Based-Data-Analysis-Social-Sciences/dp/1412994357
320,Theory-Based-Data-Analysis-Social-Sciences-ebook,$59.20,https://www.amazon.com/Theory-Based-Data-Analysis-Social-Sciences-ebook/dp/B00XYFUAGM&selectObb=rent
321,Wireless-Transmission-Bluetooth-nRF52832-Equipment,$18.99,https://www.amazon.com/Wireless-Transmission-Bluetooth-nRF52832-Equipment/dp/B07H8CNSSJ
322,Student-Laboratory-Workbook-Statistics-Learning,$25.94,https://www.amazon.com/Student-Laboratory-Workbook-Statistics-Learning/dp/0133860892
323,Applied-Artificial-Intelligence-Handbook-Business-ebook,$9.95,https://www.amazon.com/Applied-Artificial-Intelligence-Handbook-Business-ebook/dp/B07DHZT2DW
324,Applied-Artificial-Intelligence-Handbook-Business,$17.96,https://www.amazon.com/Applied-Artificial-Intelligence-Handbook-Business/dp/0998289027
325,Data-Science-Business-Warehousing-Visualization-ebook,$2.99,https://www.amazon.com/Data-Science-Business-Warehousing-Visualization-ebook/dp/B07HL9C761
326,Kettle-Chips-Flavor-Variety-flavor,$39.99,https://www.amazon.com/Kettle-Chips-Flavor-Variety-flavor/dp/B01I2AB38W
327,Journey-Data-Scientist-Interviews-Scientists-ebook,$9.99,https://www.amazon.com/Journey-Data-Scientist-Interviews-Scientists-ebook/dp/B07847F3P9
328,Journey-Data-Scientist-Interviews-Scientists,$12.99,https://www.amazon.com/Journey-Data-Scientist-Interviews-Scientists/dp/1548984248
329,Art-Science-Concussion-Translating-Prevention,$49.95,https://www.amazon.com/Art-Science-Concussion-Translating-Prevention/dp/B00ITAPW7Y
330,Data-Science-Live-Book-preparation-ebook,$7.00,https://www.amazon.com/Data-Science-Live-Book-preparation-ebook/dp/B07BR748VM
331,Data-Science-Live-Book-preparation,$18.00,https://www.amazon.com/Data-Science-Live-Book-preparation/dp/9874269049
332,Cultural-Heritage-Changing-World-Borowiecki-ebook,$0.00,https://www.amazon.com/Cultural-Heritage-Changing-World-Borowiecki-ebook/dp/B07816NQGW
333,Cultural-Heritage-Changing-World-Borowiecki,$53.37,https://www.amazon.com/Cultural-Heritage-Changing-World-Borowiecki/dp/331929542X
334,Data-Science-Live-Book-preparation-ebook,$7.00,https://www.amazon.com/Data-Science-Live-Book-preparation-ebook/dp/B07BR748VM
335,Data-Science-Live-Book-preparation,$18.00,https://www.amazon.com/Data-Science-Live-Book-preparation/dp/9874269049
336,funny-scientist-science-humour-student,$15.00,https://www.amazon.com/funny-scientist-science-humour-student/dp/B07DKBB2HD
337,Data-Science-Thinking-Scientific-Technological,$47.67,https://www.amazon.com/Data-Science-Thinking-Scientific-Technological/dp/3319950916
338,Data-Science-Thinking-Scientific-Technological-ebook,$45.29,https://www.amazon.com/Data-Science-Thinking-Scientific-Technological-ebook/dp/B07FRW8YW6
339,Binary-Tree-Computer-Coding-T-Shirt,$19.99,https://www.amazon.com/Binary-Tree-Computer-Coding-T-Shirt/dp/B07BZYJH2V
340,Python-Programming-Machine-Learning-Intermediates,$29.37,https://www.amazon.com/Python-Programming-Machine-Learning-Intermediates/dp/1724534661
341,Python-Programming-Machine-Learning-Intermediates-ebook,$1.99,https://www.amazon.com/Python-Programming-Machine-Learning-Intermediates-ebook/dp/B07G5NG1LG
342,Data-Science-Concepts-Vijay-Kotu-ebook,$55.96,https://www.amazon.com/Data-Science-Concepts-Vijay-Kotu-ebook/dp/B07L29CY52
343,Predictive-Analytics-Data-Mining-Concepts,$65.60,https://www.amazon.com/Predictive-Analytics-Data-Mining-Concepts/dp/012814761X
344,Big-Data-Social-Science-Statistics,$44.50,https://www.amazon.com/Big-Data-Social-Science-Statistics/dp/1498751407
345,Big-Data-Social-Science-Statistics-ebook,$39.46,https://www.amazon.com/Big-Data-Social-Science-Statistics-ebook/dp/B01N3B62GG
346,Science-Python-LiveLessons-Anaconda-Video,$17.99,https://www.amazon.com/Science-Python-LiveLessons-Anaconda-Video/dp/B077VT83VL
347,Disruptive-Possibilities-Data-Changes-Everything-ebook,$0.00,https://www.amazon.com/Disruptive-Possibilities-Data-Changes-Everything-ebook/dp/B00CLH387W
348,Disruptive-Possibilities-Data-Changes-Everything,$12.99,https://www.amazon.com/Disruptive-Possibilities-Data-Changes-Everything/dp/1449369677
349,Machine-Learning-Babies-Toddlers-Tinker-ebook,$4.99,https://www.amazon.com/Machine-Learning-Babies-Toddlers-Tinker-ebook/dp/B07M82B6HZ
350,Machine-Learning-Babies-Toddlers-Tinker,$9.99,https://www.amazon.com/Machine-Learning-Babies-Toddlers-Tinker/dp/1732508003
351,Data-Science-Java-Practical-Scientists,$27.33,https://www.amazon.com/Data-Science-Java-Practical-Scientists/dp/1491934115
352,Data-Science-Java-Practical-Scientists-ebook,$25.96,https://www.amazon.com/Data-Science-Java-Practical-Scientists-ebook/dp/B072MKRQBQ
353,TOOLOUD-Cotton-Shirt-White-Black,$19.95,https://www.amazon.com/TOOLOUD-Cotton-Shirt-White-Black/dp/B00XS7IA68
354,Longitudinal-Analysis-Behavioral-Sciences-Using,$63.80,https://www.amazon.com/Longitudinal-Analysis-Behavioral-Sciences-Using/dp/1412982685
355,Longitudinal-Analysis-Behavioral-Sciences-Using-ebook,$64.40,https://www.amazon.com/Longitudinal-Analysis-Behavioral-Sciences-Using-ebook/dp/B00YFS3HB2
356,Accelerate-Software-Performing-Technology-Organizations-ebook,$10.69,https://www.amazon.com/Accelerate-Software-Performing-Technology-Organizations-ebook/dp/B07B9F83WM
357,Accelerate-Software-Performing-Technology-Organizations,$14.95,https://www.amazon.com/Accelerate-Software-Performing-Technology-Organizations/dp/1942788339
358,Modeling-Techniques-Predictive-Analytics-Python,$65.19,https://www.amazon.com/Modeling-Techniques-Predictive-Analytics-Python/dp/0133892069
359,Modeling-Techniques-Predictive-Analytics-Python-ebook,$43.19,https://www.amazon.com/Modeling-Techniques-Predictive-Analytics-Python-ebook/dp/B00O121XZ4
360,Goliath-Dr-Emil-Concrete-Cowboy,$24.95,https://www.amazon.com/Goliath-Dr-Emil-Concrete-Cowboy/dp/B07KVZWQQB
361,Goliath-Dr-Emil-Concrete-Cowboy,$24.95,https://www.amazon.com/Goliath-Dr-Emil-Concrete-Cowboy/dp/B07KVZWQQB
362,Quantitative-Social-Science-Data-Introduction,$44.00,https://www.amazon.com/Quantitative-Social-Science-Data-Introduction/dp/1526411504
363,Quantitative-Social-Science-Data-Introduction-ebook,$31.49,https://www.amazon.com/Quantitative-Social-Science-Data-Introduction-ebook/dp/B07DFM53LC
364,SARA-NELL-Science-Compression-Athletic,$9.99,https://www.amazon.com/SARA-NELL-Science-Compression-Athletic/dp/B07HQMKHV2
365,Analysis-Sports-Science-Gabriel-Sanders-ebook,$59.99,https://www.amazon.com/Analysis-Sports-Science-Gabriel-Sanders-ebook/dp/B07G8MM8FH
366,Analysis-Sports-Science-Gabriel-Sanders,$59.99,https://www.amazon.com/Analysis-Sports-Science-Gabriel-Sanders/dp/1718077580
367,Lego-Mindstorm-Ev3-Core-45544,$459.95,https://www.amazon.com/Lego-Mindstorm-Ev3-Core-45544/dp/B00DEA55Z8
368,Big-Data-Work-Revolution-Organizational-ebook,$49.36,https://www.amazon.com/Big-Data-Work-Revolution-Organizational-ebook/dp/B017O1LG9G
369,Data-Work-SIOP-Organizational-Frontiers,$51.96,https://www.amazon.com/Data-Work-SIOP-Organizational-Frontiers/dp/1848725825
370,Big-Data-Demystified-decisions-competitive-ebook,$9.99,https://www.amazon.com/Big-Data-Demystified-decisions-competitive-ebook/dp/B079TTVVCB
371,Big-Data-Demystified-decisions-competitive,$18.77,https://www.amazon.com/Big-Data-Demystified-decisions-competitive/dp/129221810X
372,Evolution-Data-Products-Mike-Loukides-ebook,$0.00,https://www.amazon.com/Evolution-Data-Products-Mike-Loukides-ebook/dp/B005QEKQUY
373,REED-Instruments-Thermocouple-Thermometer-Calibration,$187.59,https://www.amazon.com/REED-Instruments-Thermocouple-Thermometer-Calibration/dp/B00WR3S244
374,Big-Data-Social-Science-Statistics,$44.50,https://www.amazon.com/Big-Data-Social-Science-Statistics/dp/1498751407
375,Big-Data-Social-Science-Statistics-ebook,$39.46,https://www.amazon.com/Big-Data-Social-Science-Statistics-ebook/dp/B01N3B62GG
376,Big-Data-Context-Technological-SpringerBriefs-ebook,$0.00,https://www.amazon.com/Big-Data-Context-Technological-SpringerBriefs-ebook/dp/B0787VG3G8
377,Big-Data-Context-Technological-SpringerBriefs,$24.99,https://www.amazon.com/Big-Data-Context-Technological-SpringerBriefs/dp/3319624601
378,RockyMars-Anemometer-Thermometer-Ventilation-Monitoring,$32.99,https://www.amazon.com/RockyMars-Anemometer-Thermometer-Ventilation-Monitoring/dp/B01MAWQR7G
379,Data-Representation-Posters-Classroom-Educational,$34.50,https://www.amazon.com/Data-Representation-Posters-Classroom-Educational/dp/B072XR4Z9G
380,Cyber-Physical-Systems-Foundations-Derivations-Programming-ebook,$0.00,https://www.amazon.com/Cyber-Physical-Systems-Foundations-Derivations-Programming-ebook/dp/B0787W474F
381,Cyber-Physical-Systems-Foundations-Conceptual-Derivations,$59.99,https://www.amazon.com/Cyber-Physical-Systems-Foundations-Conceptual-Derivations/dp/3319475894
382,collection-Science-Interview-Questions-Solved-ebook,$4.99,https://www.amazon.com/collection-Science-Interview-Questions-Solved-ebook/dp/B016RM5JPU
383,collection-Science-Interview-Questions-Solved,$15.99,https://www.amazon.com/collection-Science-Interview-Questions-Solved/dp/1517216710
384,Age-Surveillance-Capitalism-Future-Frontier-ebook,$19.99,https://www.amazon.com/Age-Surveillance-Capitalism-Future-Frontier-ebook/dp/B01N2QEZE2
385,Age-Surveillance-Capitalism-Future-Frontier,$25.83,https://www.amazon.com/Age-Surveillance-Capitalism-Future-Frontier/dp/1610395697
386,Big-Data-Context-Technological-SpringerBriefs-ebook,$0.00,https://www.amazon.com/Big-Data-Context-Technological-SpringerBriefs-ebook/dp/B0787VG3G8
387,Big-Data-Context-Technological-SpringerBriefs,$24.99,https://www.amazon.com/Big-Data-Context-Technological-SpringerBriefs/dp/3319624601
388,BRENT-SPINER-Lt-Commander-Data,$50.00,https://www.amazon.com/BRENT-SPINER-Lt-Commander-Data/dp/B00M1TNKXM
389,Cyber-Physical-Systems-Foundations-Derivations-Programming-ebook,$0.00,https://www.amazon.com/Cyber-Physical-Systems-Foundations-Derivations-Programming-ebook/dp/B0787W474F
390,Cyber-Physical-Systems-Foundations-Conceptual-Derivations,$59.99,https://www.amazon.com/Cyber-Physical-Systems-Foundations-Conceptual-Derivations/dp/3319475894
391,collection-Science-Interview-Questions-Solved-ebook,$4.99,https://www.amazon.com/collection-Science-Interview-Questions-Solved-ebook/dp/B016RM5JPU
392,collection-Science-Interview-Questions-Solved,$15.99,https://www.amazon.com/collection-Science-Interview-Questions-Solved/dp/1517216710
393,Artificial-Intelligence-Machine-Learning-Business-ebook,$8.99,https://www.amazon.com/Artificial-Intelligence-Machine-Learning-Business-ebook/dp/B07F63RMSW
394,Artificial-Intelligence-Machine-Learning-Business,$19.57,https://www.amazon.com/Artificial-Intelligence-Machine-Learning-Business/dp/1999730348
395,Bayesian-Regression-Modeling-Computer-Analysis,$89.95,https://www.amazon.com/Bayesian-Regression-Modeling-Computer-Analysis/dp/1498727255
396,Bayesian-Regression-Modeling-Computer-Analysis-ebook,$70.16,https://www.amazon.com/Bayesian-Regression-Modeling-Computer-Analysis-ebook/dp/B079K44S39
397,1449358659-9781449358655-Doing-Science-Paperback,$68.98,https://www.amazon.com/1449358659-9781449358655-Doing-Science-Paperback/dp/B07KS62L5Z
398,Pure-Biology-Breakthrough-Immediate-Appearance,$23.90,https://www.amazon.com/Pure-Biology-Breakthrough-Immediate-Appearance/dp/B01N37TWSS
399,Elitech-Temperature-Humidity-Reusable-Recorder,$35.68,https://www.amazon.com/Elitech-Temperature-Humidity-Reusable-Recorder/dp/B074DR6LJ2
400,Walfront-Engraver-Household-Engraving-Bluetooth4-0,$139.99,https://www.amazon.com/Walfront-Engraver-Household-Engraving-Bluetooth4-0/dp/B07HK6WX5M
401,Statistics-Easier-Way-informal-statistics,$42.99,https://www.amazon.com/Statistics-Easier-Way-informal-statistics/dp/0996916059
402,Music-Data-Analysis-Foundations-Applications,$71.31,https://www.amazon.com/Music-Data-Analysis-Foundations-Applications/dp/1498719562
403,Music-Data-Analysis-Foundations-Applications-ebook,$46.36,https://www.amazon.com/Music-Data-Analysis-Foundations-Applications-ebook/dp/B01MRLCNU7
404,First-Computer-1889-11x14-Unframed-Patent,$12.99,https://www.amazon.com/First-Computer-1889-11x14-Unframed-Patent/dp/B06XD3MYZ1
405,Walfront-Engraver-Household-Engraving-Bluetooth4-0,$139.99,https://www.amazon.com/Walfront-Engraver-Household-Engraving-Bluetooth4-0/dp/B07HK6WX5M
406,Data-Science-Complex-Networks-Studies-ebook,$46.98,https://www.amazon.com/Data-Science-Complex-Networks-Studies-ebook/dp/B07C558ZC7
407,Data-Science-Complex-Networks-NA,$102.38,https://www.amazon.com/Data-Science-Complex-Networks-NA/dp/B0737J85JK
408,REED-Instruments-SD-1128-Datalogger-Temperature,$163.20,https://www.amazon.com/REED-Instruments-SD-1128-Datalogger-Temperature/dp/B00WR2ZMYI
409,Practical-Data-Science-Zumel-Mount,$22.81,https://www.amazon.com/Practical-Data-Science-Zumel-Mount/dp/935119437X
410,Automate-Boring-Stuff-Python-Programming-ebook,$17.99,https://www.amazon.com/Automate-Boring-Stuff-Python-Programming-ebook/dp/B00WJ049VU
411,Automate-Boring-Stuff-Python-Programming,$24.92,https://www.amazon.com/Automate-Boring-Stuff-Python-Programming/dp/1593275994
412,Data-Scientist-Black-Mug-Science,$14.48,https://www.amazon.com/Data-Scientist-Black-Mug-Science/dp/B0771TLWPV
413,Observation-Science-Innovation-Scientific-Report-ebook,$0.00,https://www.amazon.com/Observation-Science-Innovation-Scientific-Report-ebook/dp/B0798GF3T6
414,Observation-Science-Innovation-Scientific-Report,$59.99,https://www.amazon.com/Observation-Science-Innovation-Scientific-Report/dp/3319880705
415,Marine-Science-Whaling-Dan-Ingram,$12.99,https://www.amazon.com/Marine-Science-Whaling-Dan-Ingram/dp/B004L0ZLB8
416,MuscleTech-Hydroxycut-SX-7-70-Count,$9.99,https://www.amazon.com/MuscleTech-Hydroxycut-SX-7-70-Count/dp/B00GY5X3LS
417,Graphs-Dont-Lie-Bite-Size-Stats-ebook,$0.00,https://www.amazon.com/Graphs-Dont-Lie-Bite-Size-Stats-ebook/dp/B079RLCSG8
418,Mens-Too-Legit-Overfit-Science,$19.99,https://www.amazon.com/Mens-Too-Legit-Overfit-Science/dp/B0753RRW52
419,What-If-Scientific-Hypothetical-Questions-ebook,$11.99,https://www.amazon.com/What-If-Scientific-Hypothetical-Questions-ebook/dp/B00IYUYF4A
420,Financial-Analytics-Building-Laboratory-Science,$64.37,https://www.amazon.com/Financial-Analytics-Building-Laboratory-Science/dp/1107150752
421,Financial-Analytics-Building-Laboratory-Science-ebook,$47.49,https://www.amazon.com/Financial-Analytics-Building-Laboratory-Science-ebook/dp/B01L27MU70
422,Data-Science-Startups-Ben-Weber-ebook,$0.99,https://www.amazon.com/Data-Science-Startups-Ben-Weber-ebook/dp/B07DH9G7XL
423,Data-Science-Startups-Ben-Weber,$18.80,https://www.amazon.com/Data-Science-Startups-Ben-Weber/dp/1983057975
