,Name,Price,Recorded_On,Search_Word,Link
0,GoPro-HERO7-Black-Waterproof-Streaming-Stabilization,$376.56,2019-01-29,gopro,https://www.amazon.com/GoPro-HERO7-Black-Waterproof-Streaming-Stabilization/dp/B07GDGZCCH
1,GoPro-HERO5-Black-Waterproof-Digital,$218.82,2019-01-29,gopro,https://www.amazon.com/GoPro-HERO5-Black-Waterproof-Digital/dp/B01M14ATO0
2,AKASO-Underwater-Waterproof-Camcorder-Accessories,$79.99,2019-01-29,gopro,https://www.amazon.com/AKASO-Underwater-Waterproof-Camcorder-Accessories/dp/B076DD5JNS
3,GoPro-HERO-Waterproof-Digital-Action-x,$179.98,2019-01-29,gopro,https://www.amazon.com/GoPro-HERO-Waterproof-Digital-Action-x/dp/B07B7YPKQX
4,AKASO-EK7000-Sports-Waterproof-Camcorder,$59.99,2019-01-29,gopro,https://www.amazon.com/AKASO-EK7000-Sports-Waterproof-Camcorder/dp/B01HGM33HG
5,GoPro-White-Action-Camera-Accessory,$226.92,2019-01-29,gopro,https://www.amazon.com/GoPro-White-Action-Camera-Accessory/dp/B01MZD6F2Z
6,GoPro-Session-Waterproof-Certified-Refurbished,$104.99,2019-01-29,gopro,https://www.amazon.com/GoPro-Session-Waterproof-Certified-Refurbished/dp/B06XWLWH6Y
7,GoPro-HERO7-White-Waterproof-Digital,$176.00,2019-01-29,gopro,https://www.amazon.com/GoPro-HERO7-White-Waterproof-Digital/dp/B07GDFTSPV
8,Campark-Waterproof-Rechargeable-Batteries-Accessories,$49.99,2019-01-29,gopro,https://www.amazon.com/Campark-Waterproof-Rechargeable-Batteries-Accessories/dp/B01MXXP4EC
9,Neewer-Accessory-Session-VicTsing-Lightdow,$23.99,2019-01-29,gopro,https://www.amazon.com/Neewer-Accessory-Session-VicTsing-Lightdow/dp/B01171X0UW
10,GoPro-Hero5-Black-E-Commerce-Packaging,$212.99,2019-01-29,gopro,https://www.amazon.com/GoPro-Hero5-Black-E-Commerce-Packaging/dp/B01MT0TJOM
11,GoPro-HERO6-Black-Waterproof-Digital,$298.99,2019-01-29,gopro,https://www.amazon.com/GoPro-HERO6-Black-Waterproof-Digital/dp/B074X5WPC5
12,GoPro-HERO5-Camera-Bundle-Battery,$259.89,2019-01-29,gopro,https://www.amazon.com/GoPro-HERO5-Camera-Bundle-Battery/dp/B07DVY1SQC
13,GoPro-HERO5-Session-Waterproof-Digital,$255.31,2019-01-29,gopro,https://www.amazon.com/GoPro-HERO5-Session-Waterproof-Digital/dp/B01LZTLCFX
14,GoPro-HERO7-Silver-Waterproof-Digital,$249.00,2019-01-29,gopro,https://www.amazon.com/GoPro-HERO7-Silver-Waterproof-Digital/dp/B07GDGZCCJ
15,Dragon-Touch-Underwater-Waterproof-Accessories,$49.99,2019-01-29,gopro,https://www.amazon.com/Dragon-Touch-Underwater-Waterproof-Accessories/dp/B07B2W96JH
16,GoPro-Silver-Action-Camera-Accessory,$297.99,2019-01-29,gopro,https://www.amazon.com/GoPro-Silver-Action-Camera-Accessory/dp/B01N13ZZ8X
17,GoPro-Battery-Sandisk-MicroSDHC-Polaroid,$399.00,2019-01-29,gopro,https://www.amazon.com/GoPro-Battery-Sandisk-MicroSDHC-Polaroid/dp/B07KRPBCZX
18,GoPro-Black-Action-Camera-Accessory,$407.87,2019-01-29,gopro,https://www.amazon.com/GoPro-Black-Action-Camera-Accessory/dp/B077KJZBBN
19,GoPro-CHDHA-301-HERO-Certified-Refurbished,$78.99,2019-01-29,gopro,https://www.amazon.com/GoPro-CHDHA-301-HERO-Certified-Refurbished/dp/B07DM6BGXT
20,GoPro-Battery-Charger-Official-Accessory,$39.95,2019-01-29,gopro,https://www.amazon.com/GoPro-Battery-Charger-Official-Accessory/dp/B01LZHRYJS
21,GoPro-HERO6-Black-Action-Camera,$279.99,2019-01-29,gopro,https://www.amazon.com/GoPro-HERO6-Black-Action-Camera/dp/B07FL9SM19
22,GoPro-Session-Waterproof-Digital-Action,$159.99,2019-01-29,gopro,https://www.amazon.com/GoPro-Session-Waterproof-Digital-Action/dp/B01C80O0ZU
23,GoPro-HERO5-Black-SanDisk-Memory,$279.95,2019-01-29,gopro,https://www.amazon.com/GoPro-HERO5-Black-SanDisk-Memory/dp/B01MU3M978
24,Rechargeable-Battery-GoPro-Official-Accessory,$19.00,2019-01-29,gopro,https://www.amazon.com/Rechargeable-Battery-GoPro-Official-Accessory/dp/B01LWKCIQN
25,GoPro-Adventure-Camera-Certified-Refurbished,$114.98,2019-01-29,gopro,https://www.amazon.com/GoPro-Adventure-Camera-Certified-Refurbished/dp/B014JP84BS
26,GoPro-White-Waterproof-Flexible-Floating,$249.95,2019-01-29,gopro,https://www.amazon.com/GoPro-White-Waterproof-Flexible-Floating/dp/B07J2SRFM5
27,GoPro-Fusion-Waterproof-Digital-Spherical,$599.00,2019-01-29,gopro,https://www.amazon.com/GoPro-Fusion-Waterproof-Digital-Spherical/dp/B0792MJLNM
28,Smatree-Baseball-GoPro-Session-58-60cm,$16.99,2019-01-29,gopro,https://www.amazon.com/Smatree-Baseball-GoPro-Session-58-60cm/dp/B01DZ9BM8Q
29,Digital-Action-Camera-Photos-SanDisk,$419.95,2019-01-29,gopro,https://www.amazon.com/Digital-Action-Camera-Photos-SanDisk/dp/B07JHYHRJF
30,VanTop-Adjustable-Waterproof-Compatible-Accessories,$74.99,2019-01-29,gopro,https://www.amazon.com/VanTop-Adjustable-Waterproof-Compatible-Accessories/dp/B07GVGWV75
31,GoPro-Wi-Fi-Enabled-Certified-Refurbished,$89.99,2019-01-29,gopro,https://www.amazon.com/GoPro-Wi-Fi-Enabled-Certified-Refurbished/dp/B07B8V6P6B
32,GoPro-Commerce-Entry-Limited-Accessories,$149.99,2019-01-29,gopro,https://www.amazon.com/GoPro-Commerce-Entry-Limited-Accessories/dp/B01MSUJ6EI
33,Crosstour-Underwater-Waterproof-Wide-Angle-Rechargeable,$39.99,2019-01-29,gopro,https://www.amazon.com/Crosstour-Underwater-Waterproof-Wide-Angle-Rechargeable/dp/B074319MZZ
34,Bundle-Handheld-Monopod-Camera-MicroSDHC,$199.99,2019-01-29,gopro,https://www.amazon.com/Bundle-Handheld-Monopod-Camera-MicroSDHC/dp/B07HGF32CT
35,GoPro-Wi-Fi-Enabled-Certified-Refurbished,$109.95,2019-01-29,gopro,https://www.amazon.com/GoPro-Wi-Fi-Enabled-Certified-Refurbished/dp/B074F458ZN
36,VanTop-Compatible-Control-Batteries-Accessories,$49.99,2019-01-29,gopro,https://www.amazon.com/VanTop-Compatible-Control-Batteries-Accessories/dp/B07HRCWWC8
37,Handheld-Monopod-Flexi-Tripod-Camera-MicroSDHC,$269.00,2019-01-29,gopro,https://www.amazon.com/Handheld-Monopod-Flexi-Tripod-Camera-MicroSDHC/dp/B07HGDJTQ2
38,GoPro-HERO5-Action-Camera-Bundle,$239.00,2019-01-29,gopro,https://www.amazon.com/GoPro-HERO5-Action-Camera-Bundle/dp/B077TC2L7R
39,AKASO-Adjustable-Waterproof-Control-Accessories,$74.99,2019-01-29,gopro,https://www.amazon.com/AKASO-Adjustable-Waterproof-Control-Accessories/dp/B07JR1XZ78
40,Iextreme-Action-Accessories-Carrying-Octopus,$24.99,2019-01-29,gopro,https://www.amazon.com/Iextreme-Action-Accessories-Carrying-Octopus/dp/B0169T94KC
41,GoPro-Karma-HERO6-Official-Accessory,$299.99,2019-01-29,gopro,https://www.amazon.com/GoPro-Karma-HERO6-Official-Accessory/dp/B074PQRB4K
42,GoPro-Session-QuickClip-Floating-MicroSD,$295.79,2019-01-29,gopro,https://www.amazon.com/GoPro-Session-QuickClip-Floating-MicroSD/dp/B0749YJ7CH
43,GoPro-Camera-Accessory-Adventure-AKTES-001,$34.99,2019-01-29,gopro,https://www.amazon.com/GoPro-Camera-Accessory-Adventure-AKTES-001/dp/B07GD1M8WC
44,GoPro-Super-Housing-HERO7-Black,$36.53,2019-01-29,gopro,https://www.amazon.com/GoPro-Super-Housing-HERO7-Black/dp/B01L2CP126
45,GoPro-HERO5-Session-Holiday-Bundle,$252.90,2019-01-29,gopro,https://www.amazon.com/GoPro-HERO5-Session-Holiday-Bundle/dp/B0776T8RS3
46,GoPro-Black-Action-Certified-Refurbished,$189.99,2019-01-29,gopro,https://www.amazon.com/GoPro-Black-Action-Certified-Refurbished/dp/B07CQ1L1WV
47,GoPro-Hero5-Session-Certified-Refurbished,$189.99,2019-01-29,gopro,https://www.amazon.com/GoPro-Hero5-Session-Certified-Refurbished/dp/B0785T83KG
48,GoPro-3-Way-Tripod-Official-Mount,$56.90,2019-01-29,gopro,https://www.amazon.com/GoPro-3-Way-Tripod-Official-Mount/dp/B00KCX8H6E
49,GoPro-Performance-Chest-Mount-Official,$39.00,2019-01-29,gopro,https://www.amazon.com/GoPro-Performance-Chest-Mount-Official/dp/B07CQ4N5XX
50,GoPro-Silver-Waterproof-MicroSDHC-Flexible,$294.99,2019-01-29,gopro,https://www.amazon.com/GoPro-Silver-Waterproof-MicroSDHC-Flexible/dp/B07J5MB3Y3
51,SanDisk-Flexible-Extendable-Monopod-Floating,$379.95,2019-01-29,gopro,https://www.amazon.com/SanDisk-Flexible-Extendable-Monopod-Floating/dp/B076HDD746
52,AKASO-Adjustable-Waterproof-External-Accessories,$119.99,2019-01-29,gopro,https://www.amazon.com/AKASO-Adjustable-Waterproof-External-Accessories/dp/B07CKV9FRX
53,GoPro-CHDHN-302-HERO3-Silver-Edition,$134.95,2019-01-29,gopro,https://www.amazon.com/GoPro-CHDHN-302-HERO3-Silver-Edition/dp/B00F3F0EIU
54,SanDisk-microSDXC-Flexible-Extendable-Floating,$229.00,2019-01-29,gopro,https://www.amazon.com/SanDisk-microSDXC-Flexible-Extendable-Floating/dp/B07CGFBX5W
55,Fusion-SanDisk-Extreme-microSDXC-Adapter,$629.95,2019-01-29,gopro,https://www.amazon.com/Fusion-SanDisk-Extreme-microSDXC-Adapter/dp/B07BFHZD9W
56,GoPro-HERO4-Camera-Certified-Refurbished,$141.78,2019-01-29,gopro,https://www.amazon.com/GoPro-HERO4-Camera-Certified-Refurbished/dp/B0788P1B3Y
57,GoPro-How-Use-HERO-Black,$16.91,2019-01-29,gopro,https://www.amazon.com/GoPro-How-Use-HERO-Black/dp/0999631012
58,GoPro-How-Use-HERO-Black-ebook,$8.49,2019-01-29,gopro,https://www.amazon.com/GoPro-How-Use-HERO-Black-ebook/dp/B07J5YG8V6
59,Sports-Action-REMALI-Package-Available,$99.99,2019-01-29,gopro,https://www.amazon.com/Sports-Action-REMALI-Package-Available/dp/B01GSHGBGU
60,GoPro-Silver-Camcorder-Certified-Refurbished,$176.74,2019-01-29,gopro,https://www.amazon.com/GoPro-Silver-Camcorder-Certified-Refurbished/dp/B00XIXTBQK
61,AmazonBasics-Carrying-Case-GoPro-Small,$11.99,2019-01-29,gopro,https://www.amazon.com/AmazonBasics-Carrying-Case-GoPro-Small/dp/B00PMMBBSG
62,certainPL-Accessories-Bundle-Camera-Outdoor,$34.99,2019-01-29,gopro,https://www.amazon.com/certainPL-Accessories-Bundle-Camera-Outdoor/dp/B07M99HZ84
63,AmazonBasics-Strap-Camera-Mount-GoPro,$7.49,2019-01-29,gopro,https://www.amazon.com/AmazonBasics-Strap-Camera-Mount-GoPro/dp/B00R4YCKIK
64,GoPro-Subscription-Monthly-Auto-Renewal-Deplacement,Free,2019-01-29,gopro,https://www.amazon.com/GoPro-Subscription-Monthly-Auto-Renewal-Deplacement/dp/B07DDB4P97
65,DBPOWER-Waterproof-1050mAh-Rechargeable-Accessories,$49.99,2019-01-29,gopro,https://www.amazon.com/DBPOWER-Waterproof-1050mAh-Rechargeable-Accessories/dp/B071L3QRP8
66,GoPro-AHDAF-301-Anti-Fog-Inserts-x,$10.99,2019-01-29,gopro,https://www.amazon.com/GoPro-AHDAF-301-Anti-Fog-Inserts-x/dp/B009QXFFYS
67,GoPro-Sleeve-Lanyard-Official-Accessory,$13.00,2019-01-29,gopro,https://www.amazon.com/GoPro-Sleeve-Lanyard-Official-Accessory/dp/B07DGSZDZX
68,GoPro-Wi-Fi-Remote-Attachment-Rings,$12.99,2019-01-29,gopro,https://www.amazon.com/GoPro-Wi-Fi-Remote-Attachment-Rings/dp/B00A6P0HXE
69,Lifelimit-Accessories-Starter-Session-Enabled-x,$21.99,2019-01-29,gopro,https://www.amazon.com/Lifelimit-Accessories-Starter-Session-Enabled-x/dp/B00XHSKKXE
70,SIOTI-Adjustable-Harness-Session-Suitable,$9.99,2019-01-29,gopro,https://www.amazon.com/SIOTI-Adjustable-Harness-Session-Suitable/dp/B01M0UG2WG
71,GoPro-AMRAD-001-Removable-Instrument-Mount,$7.99,2019-01-29,gopro,https://www.amazon.com/GoPro-AMRAD-001-Removable-Instrument-Mount/dp/B00JJ2BP40
72,GoPro-Fusion-SanDisk-Extreme-microSDHC,$599.95,2019-01-29,gopro,https://www.amazon.com/GoPro-Fusion-SanDisk-Extreme-microSDHC/dp/B07FN4Z4QJ
73,Luxebell-Accessories-EK5000-EK7000-Session,$23.99,2019-01-29,gopro,https://www.amazon.com/Luxebell-Accessories-EK5000-EK7000-Session/dp/B00PQ9YNI0
74,Go-Pro-Phase-1-Polar-Mask-Black,$18.27,2019-01-29,gopro,https://www.amazon.com/Go-Pro-Phase-1-Polar-Mask-Black/dp/B009EJGXKE
75,Controller-Charging-Charger-Transfer-PlayStation,$6.99,2019-01-29,gopro,https://www.amazon.com/Controller-Charging-Charger-Transfer-PlayStation/dp/B005QVY65I
76,GoPro-Strap-QuickClip-Official-Mount,$12.15,2019-01-29,gopro,https://www.amazon.com/GoPro-Strap-QuickClip-Official-Mount/dp/B00F19PYR4
77,Handmade-Leather-Case-GoPro-Hero,$45.00,2019-01-29,gopro,https://www.amazon.com/Handmade-Leather-Case-GoPro-Hero/dp/B06VXT2VG5
78,Go-Pro-Creator,$9.98,2019-01-29,gopro,https://www.amazon.com/Go-Pro-Creator/dp/B0784QXJ2K
79,GoPro-Handlebar-Seatpost-Mount-Official,$29.00,2019-01-29,gopro,https://www.amazon.com/GoPro-Handlebar-Seatpost-Mount-Official/dp/B01L2CQCJC
80,AUTOGRAPHED-Motorplex-Natiional-Champion-Pre-Race,$47.97,2019-01-29,gopro,https://www.amazon.com/AUTOGRAPHED-Motorplex-Natiional-Champion-Pre-Race/dp/B01MRGU0PD
81,Shortys-How-Pro-Sammy-Babtista,$29.99,2019-01-29,gopro,https://www.amazon.com/Shortys-How-Pro-Sammy-Babtista/dp/B000MM105A
82,GoPro-HERO7-Black-3-MicroSDHC,$429.00,2019-01-29,gopro,https://www.amazon.com/GoPro-HERO7-Black-3-MicroSDHC/dp/B07J4TYKJK
83,How-Use-GoPro-Outdoor-Photography,$29.00,2019-01-29,gopro,https://www.amazon.com/How-Use-GoPro-Outdoor-Photography/dp/B01DMRZF6G
84,GoPro-HERO7-Black-3-MicroSDHC,$429.00,2019-01-29,gopro,https://www.amazon.com/GoPro-HERO7-Black-3-MicroSDHC/dp/B07J4TYKJK
85,GoPro-Accessory-Protective-Replacement-AACOV-003,$19.99,2019-01-29,gopro,https://www.amazon.com/GoPro-Accessory-Protective-Replacement-AACOV-003/dp/B07GDFHPLP
86,Pacific-Blue-Select-Paper-Carton,$69.01,2019-01-29,gopro,https://www.amazon.com/Pacific-Blue-Select-Paper-Carton/dp/B07GTLYLV4
87,GoPro-Official-Accessory-Certified-Refurbished,$199.99,2019-01-29,gopro,https://www.amazon.com/GoPro-Official-Accessory-Certified-Refurbished/dp/B07DNJH6GC
88,New-look-PULUZ-PU195-Small-Baseball,$5.99,2019-01-29,gopro,https://www.amazon.com/New-look-PULUZ-PU195-Small-Baseball/dp/B07MW1VT42
89,GoPro-HERO7-Black-QuickClip-Battery,$399.98,2019-01-29,gopro,https://www.amazon.com/GoPro-HERO7-Black-QuickClip-Battery/dp/B07JF5Z6PS
90,GoPro-Camera-Accessories-Official-Accessory,$46.82,2019-01-29,gopro,https://www.amazon.com/GoPro-Camera-Accessories-Official-Accessory/dp/B00ZHDRHMO
91,GoPro-Jaws-Clamp-Official-Mount,$27.83,2019-01-29,gopro,https://www.amazon.com/GoPro-Jaws-Clamp-Official-Mount/dp/B00F19Q2R0
92,GoPro-Suction-Cup-Mount-Official,$27.00,2019-01-29,gopro,https://www.amazon.com/GoPro-Suction-Cup-Mount-Official/dp/B00F19Q7YI
93,GoPro-Large-Mount-Pipes-Official,$17.99,2019-01-29,gopro,https://www.amazon.com/GoPro-Large-Mount-Pipes-Official/dp/B01L2CQ7K6
94,Pro-Premium-Hydroponics-Aquaponics-Gardening,$10.99,2019-01-29,gopro,https://www.amazon.com/Pro-Premium-Hydroponics-Aquaponics-Gardening/dp/B01LZNYIIX
95,DROGRACE-WP200-Waterproof-Digital-Accessories,$28.99,2019-01-29,gopro,https://www.amazon.com/DROGRACE-WP200-Waterproof-Digital-Accessories/dp/B074GYZB3B
96,GoPro-ALCDB-401-BacPac-Camera-Included,$77.59,2019-01-29,gopro,https://www.amazon.com/GoPro-ALCDB-401-BacPac-Camera-Included/dp/B00NIYNUBG
97,DBPOWER-DB0923-Underwater-Rechargeable-Accessories,$59.99,2019-01-29,gopro,https://www.amazon.com/DBPOWER-DB0923-Underwater-Rechargeable-Accessories/dp/B07314N12V
98,Review-XP-Waterproof-Underwater-Camcorder,$49.95,2019-01-29,gopro,https://www.amazon.com/Review-XP-Waterproof-Underwater-Camcorder/dp/B071SG6QQV
99,GoPro-HERO5-Black-Action-Camera,$219.99,2019-01-29,gopro,https://www.amazon.com/GoPro-HERO5-Black-Action-Camera/dp/B0744RPSQG
100,GoPro-Fusion-Grip-Official-Mount,$55.00,2019-01-29,gopro,https://www.amazon.com/GoPro-Fusion-Grip-Official-Mount/dp/B078Y3574T
101,GoPro-Seeker-Backpack-Official-Accessory,$111.52,2019-01-29,gopro,https://www.amazon.com/GoPro-Seeker-Backpack-Official-Accessory/dp/B01GCKOA16
102,Go-Pro-Becoming-Marketing-Professional,$10.80,2019-01-29,gopro,https://www.amazon.com/Go-Pro-Becoming-Marketing-Professional/dp/0988667908
103,Go-Pro-Becoming-Marketing-Professional-ebook,$8.99,2019-01-29,gopro,https://www.amazon.com/Go-Pro-Becoming-Marketing-Professional-ebook/dp/B00CLEM7J0
104,GoPro-Supercharger-International-Dual-Port-Accessory,$44.00,2019-01-29,gopro,https://www.amazon.com/GoPro-Supercharger-International-Dual-Port-Accessory/dp/B01LZHRYL4
105,GoPro-Battery-BacPac-Camera-Included,$23.48,2019-01-29,gopro,https://www.amazon.com/GoPro-Battery-BacPac-Camera-Included/dp/B00NIYJFRO
106,GoPro-HERO7-Silver-Digital-Camcorder,$319.00,2019-01-29,gopro,https://www.amazon.com/GoPro-HERO7-Silver-Digital-Camcorder/dp/B07L8SHZSX
107,GoPro-CHDHS-101-Waterproof-Certified-Refurbished,$129.98,2019-01-29,gopro,https://www.amazon.com/GoPro-CHDHS-101-Waterproof-Certified-Refurbished/dp/B0774WZWGJ
108,GoPro-Camera-Accessory-Sports-AKTAC-001,$67.00,2019-01-29,gopro,https://www.amazon.com/GoPro-Camera-Accessory-Sports-AKTAC-001/dp/B07GD1HX7H
109,GoPro-Battery-Charger-Official-Accessory,$23.96,2019-01-29,gopro,https://www.amazon.com/GoPro-Battery-Charger-Official-Accessory/dp/B00NIYJKL0
110,GoPro-Subscription-Monthly-Auto-Renewal-Replacement,$4.99,2019-01-29,gopro,https://www.amazon.com/GoPro-Subscription-Monthly-Auto-Renewal-Replacement/dp/B07DB3ZPLQ
111,Campark-X20-Waterproof-Underwater-Camcorder,$79.99,2019-01-29,gopro,https://www.amazon.com/Campark-X20-Waterproof-Underwater-Camcorder/dp/B078ZD824F
112,certainPL-Accessories-Bundle-Camera-Outdoor,$26.99,2019-01-29,gopro,https://www.amazon.com/certainPL-Accessories-Bundle-Camera-Outdoor/dp/B07M9J6SJD
113,GoPro-Hero7-Waterproof-Digital-Action,$219.99,2019-01-29,gopro,https://www.amazon.com/GoPro-Hero7-Waterproof-Digital-Action/dp/B07HPGGRP9
114,GoPro-HERO-Session-Holiday-Promo,$189.99,2019-01-29,gopro,https://www.amazon.com/GoPro-HERO-Session-Holiday-Promo/dp/B01MEF5QLD
115,DBPOWER-Waterproof-Underwater-Camcorder-Accessories,$45.99,2019-01-29,gopro,https://www.amazon.com/DBPOWER-Waterproof-Underwater-Camcorder-Accessories/dp/B072J4CBK6
116,Partstock-4-Pack-Nylon-Drawstring-Storage,$7.99,2019-01-29,gopro,https://www.amazon.com/Partstock-4-Pack-Nylon-Drawstring-Storage/dp/B07BFPMFQ5
117,GoPro-Camera-Accessory-Cable-Camcorder,$99.00,2019-01-29,gopro,https://www.amazon.com/GoPro-Camera-Accessory-Cable-Camcorder/dp/B06XH8LC7Z
118,GoPro-HERO7-Silver-Essential-Extendable,$329.99,2019-01-29,gopro,https://www.amazon.com/GoPro-HERO7-Silver-Essential-Extendable/dp/B07KQK17X7
119,GoPro-HERO7-Black-Bundle-Selfie,$399.00,2019-01-29,gopro,https://www.amazon.com/GoPro-HERO7-Black-Bundle-Selfie/dp/B07J34TPG2
120,GoPro-Bite-Mount-Floaty-Official,$24.07,2019-01-29,gopro,https://www.amazon.com/GoPro-Bite-Mount-Floaty-Official/dp/B0755NW96P
121,GoPro-Frame-HERO6-Official-Accessory,$26.44,2019-01-29,gopro,https://www.amazon.com/GoPro-Frame-HERO6-Official-Accessory/dp/B01L2CP62G
122,GoPro-HERO5-Black-Certified-Refurbished,$174.99,2019-01-29,gopro,https://www.amazon.com/GoPro-HERO5-Black-Certified-Refurbished/dp/B075X3DYVD
123,GoPro-Wi-Fi-Remote-Battery-Bundle,$49.95,2019-01-29,gopro,https://www.amazon.com/GoPro-Wi-Fi-Remote-Battery-Bundle/dp/B01KD1HH7O
124,GoPro-Chest-Mount-Harness-Official,$39.99,2019-01-29,gopro,https://www.amazon.com/GoPro-Chest-Mount-Harness-Official/dp/B0025UEQQW
125,Rotating-Swivel-Helmet-Surface-Accessories,$8.63,2019-01-29,gopro,https://www.amazon.com/Rotating-Swivel-Helmet-Surface-Accessories/dp/B01CR7SWFS
126,GoPro-Sportsman-Mount-Official,$38.00,2019-01-29,gopro,https://www.amazon.com/GoPro-Sportsman-Mount-Official/dp/B00F19Q4LY
127,GoPro-Action-Camera-Bundle-Accessory,$409.00,2019-01-29,gopro,https://www.amazon.com/GoPro-Action-Camera-Bundle-Accessory/dp/B00PKVDXA8
128,GoPro-HERO7-White-Bundle-Selfie,$219.99,2019-01-29,gopro,https://www.amazon.com/GoPro-HERO7-White-Bundle-Selfie/dp/B07JYY2PQT
129,Tim-Erics-Go-Pro-Show,$0.99,2019-01-29,gopro,https://www.amazon.com/Tim-Erics-Go-Pro-Show/dp/B01FN3PZ1C
130,Dragon-Touch-Underwater-Batteries-Accessories,$39.99,2019-01-29,gopro,https://www.amazon.com/Dragon-Touch-Underwater-Batteries-Accessories/dp/B07JC4DM8Z
131,AKASO-Adjustable-Waterproof-Control-Accessories-x,$69.99,2019-01-29,gopro,https://www.amazon.com/AKASO-Adjustable-Waterproof-Control-Accessories-x/dp/B07DL7HNPG
132,%E2%99%9BEuone-Clearance%E2%99%9B-Propellers-Blades-Accessories,$19.98,2019-01-29,gopro,https://www.amazon.com/%E2%99%9BEuone-Clearance%E2%99%9B-Propellers-Blades-Accessories/dp/B07LG9MHRM
133,GoPro-Dual-Charger-Rechargeable-Batteries,$89.00,2019-01-29,gopro,https://www.amazon.com/GoPro-Dual-Charger-Rechargeable-Batteries/dp/B07F8YP5M7
134,GoPro-HERO7-Silver-Digital-Camcorder,$379.00,2019-01-29,gopro,https://www.amazon.com/GoPro-HERO7-Silver-Digital-Camcorder/dp/B07L8SF1Q5
135,GoPro-Rechargeable-Battery-Official-Accessory,$19.00,2019-01-29,gopro,https://www.amazon.com/GoPro-Rechargeable-Battery-Official-Accessory/dp/B00NIYNU66
136,GoPro-Gun-Rod-Mount-Official,$38.99,2019-01-29,gopro,https://www.amazon.com/GoPro-Gun-Rod-Mount-Official/dp/B01L2CQR42
137,GoPro-Hero-Enabled-Certified-Refurbished,$99.99,2019-01-29,gopro,https://www.amazon.com/GoPro-Hero-Enabled-Certified-Refurbished/dp/B073C7DNKS
138,Jeemak-Waterproof-Underwater-Camcorder-Accessories,$49.90,2019-01-29,gopro,https://www.amazon.com/Jeemak-Waterproof-Underwater-Camcorder-Accessories/dp/B072FQRP45
139,GoPro-HERO5-Black-Digital-Camcorder,$299.00,2019-01-29,gopro,https://www.amazon.com/GoPro-HERO5-Black-Digital-Camcorder/dp/B07K51T9YC
140,GoPro-Camera-Accessory-Travel-AKTTR-001,$51.82,2019-01-29,gopro,https://www.amazon.com/GoPro-Camera-Accessory-Travel-AKTTR-001/dp/B07GD1HVQP
141,GoPro-LCD-Supports-1080p60-Photos,$179.00,2019-01-29,gopro,https://www.amazon.com/GoPro-LCD-Supports-1080p60-Photos/dp/B00ZUU5R62
142,GoPro-Fusion-Dual-Battery-Charger,$69.00,2019-01-29,gopro,https://www.amazon.com/GoPro-Fusion-Dual-Battery-Charger/dp/B07GSG3MMB
143,KeyChain-Bottle-Opener-GoPro-Screwdriver,$8.95,2019-01-29,gopro,https://www.amazon.com/KeyChain-Bottle-Opener-GoPro-Screwdriver/dp/B0779LY6K8
144,GoPro-Camera-Bundle-Certified-Refurbished,$269.99,2019-01-29,gopro,https://www.amazon.com/GoPro-Camera-Bundle-Certified-Refurbished/dp/B07K35VC76
145,monogrammed-personalized-Microsoft-monogram-available,$179.00,2019-01-29,gopro,https://www.amazon.com/monogrammed-personalized-Microsoft-monogram-available/dp/B07D7SGJRN
146,GoPro-Karma-Grip-Official-Accessory,$39.00,2019-01-29,gopro,https://www.amazon.com/GoPro-Karma-Grip-Official-Accessory/dp/B01LYU01C2
147,B01HGMKQEE,$20.89,2019-01-29,gopro,/ZOOKKI-Accessories-Session-SJ5000X-Lightdow/dp/B01HGMKQEE
148,ZOOKKI-Accessories-Session-SJ5000X-Lightdow,$21.99,2019-01-29,gopro,https://www.amazon.com/ZOOKKI-Accessories-Session-SJ5000X-Lightdow/dp/B01HGMKQEE
149,d,$59.99,2019-01-29,gopro,https://www.amazon.com/d/Professional-Video-Cameras/Jeemak-Sports-Action-Waterproof-Control/B07DL3MFVZ
150,GoPro-Camera-ASBBA-001-Fusion-Battery,$18.02,2019-01-29,gopro,https://www.amazon.com/GoPro-Camera-ASBBA-001-Fusion-Battery/dp/B078XY2L42
151,GoPro-Helmet-Front-Mount-Official,$29.99,2019-01-29,gopro,https://www.amazon.com/GoPro-Helmet-Front-Mount-Official/dp/B01GCKO9Z8
152,GoPro-Fusion-Rechargeable-Battery-MicroSDXC,$599.99,2019-01-29,gopro,https://www.amazon.com/GoPro-Fusion-Rechargeable-Battery-MicroSDXC/dp/B07D8N14KH
153,Studio-Software-QuickPro-Camera-Guides,$15.95,2019-01-29,gopro,https://www.amazon.com/Studio-Software-QuickPro-Camera-Guides/dp/B00MRMR282
154,d,$20.99,2019-01-29,gopro,https://www.amazon.com/d/Camera-Mounts-Clamps/GoPro-Floaty-Session-Cameras-Official/B0755LZXM2
155,VTech-Kidizoom-Action-Cam-Yellow,$42.44,2019-01-29,gopro,https://www.amazon.com/VTech-Kidizoom-Action-Cam-Yellow/dp/B00XRDHG36
156,GoPro-HERO5-Battery-Certified-Refurbished,$239.49,2019-01-29,gopro,https://www.amazon.com/GoPro-HERO5-Battery-Certified-Refurbished/dp/B07FFF4HP6
157,GoPro-How-Use-Hero-Black,$24.99,2019-01-29,gopro,https://www.amazon.com/GoPro-How-Use-Hero-Black/dp/0991654773
158,GoPro-How-Use-Hero-Black-ebook,$6.15,2019-01-29,gopro,https://www.amazon.com/GoPro-How-Use-Hero-Black-ebook/dp/B01M2BLQPR
159,GoPro-Camera-Accessory-Replacement-AAIOD-003,$19.99,2019-01-29,gopro,https://www.amazon.com/GoPro-Camera-Accessory-Replacement-AAIOD-003/dp/B07GD8YBMR
160,GoPro-Memory-Batteries-Extreme-Attachments,$500.09,2019-01-29,gopro,https://www.amazon.com/GoPro-Memory-Batteries-Extreme-Attachments/dp/B07J2SM855
161,GoPro-Camera-HERO-Video-Recording,$269.99,2019-01-29,gopro,https://www.amazon.com/GoPro-Camera-HERO-Video-Recording/dp/B00XUP5M6Y
162,d,$9.49,2019-01-29,gopro,https://www.amazon.com/d/Professional-Video-Accessories/GoPro-Protective-Lens-and-Covers/B00F19Q3S8
163,SmilePowo-Accessory-Session-%EF%BC%8CAccessory-Set%EF%BC%8CHERO,$23.99,2019-01-29,gopro,https://www.amazon.com/SmilePowo-Accessory-Session-%EF%BC%8CAccessory-Set%EF%BC%8CHERO/dp/B01ENJZYWC
164,certainPL-Outdoor-Sports-Accessory-Xiaomi,$42.99,2019-01-29,gopro,https://www.amazon.com/certainPL-Outdoor-Sports-Accessory-Xiaomi/dp/B07M99RK2Z
165,GoPro-Battery-External-Charger-Floating,$526.09,2019-01-29,gopro,https://www.amazon.com/GoPro-Battery-External-Charger-Floating/dp/B07HRZ7VV3
166,Thule-Legend-GoPro-Advanced-Case,$59.95,2019-01-29,gopro,https://www.amazon.com/Thule-Legend-GoPro-Advanced-Case/dp/B00R8K9TUC
167,GoPro-HERO5-Black-Digital-Camcorder,$329.00,2019-01-29,gopro,https://www.amazon.com/GoPro-HERO5-Black-Digital-Camcorder/dp/B07L4Z6FQN
168,GoPro-Bodyboard-Mount-Official,$19.00,2019-01-29,gopro,https://www.amazon.com/GoPro-Bodyboard-Mount-Official/dp/B00KCX8E1C
169,GoPro-Wi-Fi-Enabled-Certified-Refurbished,$99.99,2019-01-29,gopro,https://www.amazon.com/GoPro-Wi-Fi-Enabled-Certified-Refurbished/dp/B00S4NQQ1C
170,Profile-Session-Cameras-GoPro-Official,$28.00,2019-01-29,gopro,https://www.amazon.com/Profile-Session-Cameras-GoPro-Official/dp/B01CX4TWMW
171,MAGIX-RESMID015976-Fastcut,$9.90,2019-01-29,gopro,https://www.amazon.com/MAGIX-RESMID015976-Fastcut/dp/B00PVNFJSO
172,GoPro-QuickClip-Floating-Certified-Refurbished,$227.91,2019-01-29,gopro,https://www.amazon.com/GoPro-QuickClip-Floating-Certified-Refurbished/dp/B07HNVHKNR
173,Victure-Underwater-Waterproof-Rechargeable-Accessories,$74.99,2019-01-29,gopro,https://www.amazon.com/Victure-Underwater-Waterproof-Rechargeable-Accessories/dp/B07CVXJNGQ
174,GoPro-SanDisk-Extreme-Floating-Official,$379.99,2019-01-29,gopro,https://www.amazon.com/GoPro-SanDisk-Extreme-Floating-Official/dp/B07LBPBS34
175,GoPro-Wrist-Strap-Official-Mount,$45.00,2019-01-29,gopro,https://www.amazon.com/GoPro-Wrist-Strap-Official-Mount/dp/B06XHKQKDH
176,Waterproof-Transparent-Underwater-Compatible-Black%EF%BC%8CGoPro,$13.99,2019-01-29,gopro,https://www.amazon.com/Waterproof-Transparent-Underwater-Compatible-Black%EF%BC%8CGoPro/dp/B07G9VRW4L
177,GoPro-Hero7-Black-Card-Bundle,$399.00,2019-01-29,gopro,https://www.amazon.com/GoPro-Hero7-Black-Card-Bundle/dp/B07HT1FSBT
178,GoPro-Gooseneck-Official-Mount,$18.42,2019-01-29,gopro,https://www.amazon.com/GoPro-Gooseneck-Official-Mount/dp/B00J9RO2LS
179,GoPro-Battery-Charger-Official-Accessory,$22.99,2019-01-29,gopro,https://www.amazon.com/GoPro-Battery-Charger-Official-Accessory/dp/B00GO4GKXM
180,PCTC-Windscreen-Windshield-Windslayer-Protector,$10.99,2019-01-29,gopro,https://www.amazon.com/PCTC-Windscreen-Windshield-Windslayer-Protector/dp/B07FFWG9C6
181,GoPro-Gymnastics-Shawn-Johnson,$1.99,2019-01-29,gopro,https://www.amazon.com/GoPro-Gymnastics-Shawn-Johnson/dp/B073CBVZ8V
182,EKEN-Action-Waterproof-Mountings-Batteries,$56.99,2019-01-29,gopro,https://www.amazon.com/EKEN-Action-Waterproof-Mountings-Batteries/dp/B01LAIBF2M
183,GoPro-Seat-Rail-Mount-Official,$19.00,2019-01-29,gopro,https://www.amazon.com/GoPro-Seat-Rail-Mount-Official/dp/B01GCKO9VW
184,SquareTrade-Camcorder-Accidental-Protection-200-249-99,$36.85,2019-01-29,gopro,https://www.amazon.com/SquareTrade-Camcorder-Accidental-Protection-200-249-99/dp/B00I4DXATI
185,DuDuDu-Underwater-Waterproof-Transparent-Accessories,$38.99,2019-01-29,gopro,https://www.amazon.com/DuDuDu-Underwater-Waterproof-Transparent-Accessories/dp/B07MB3TMCX
186,GoPro-Handlebar-Seatpost-Mount-Official,$46.00,2019-01-29,gopro,https://www.amazon.com/GoPro-Handlebar-Seatpost-Mount-Official/dp/B01GCKO96C
187,Universal-Storage-Protective-Carrying-Accessories,$10.99,2019-01-29,gopro,https://www.amazon.com/Universal-Storage-Protective-Carrying-Accessories/dp/B01CSG6HU0
188,GoPro-Camcorder-Adhesive-Handlebar-Floating,$289.00,2019-01-29,gopro,https://www.amazon.com/GoPro-Camcorder-Adhesive-Handlebar-Floating/dp/B07L4Y6BPK
189,GoPro-CHDHA-301-HERO,$159.99,2019-01-29,gopro,https://www.amazon.com/GoPro-CHDHA-301-HERO/dp/B00NIYNUXO
